'akr','copd',1987,184,0.000338921
'akr','copd',1988,215,0.000396022
'akr','copd',1989,209,0.00038497
'akr','copd',1990,219,0.00040339
'akr','copd',1991,218,0.000401548
'akr','copd',1992,233,0.000429177
'akr','copd',1993,249,0.000458649
'akr','copd',1994,242,0.000445755
'akr','copd',1995,276,0.000508382
'akr','copd',1996,291,0.000536011
'akr','copd',1997,290,0.000534169
'akr','copd',1998,359,0.000661265
'akr','copd',1999,349,0.000642845
'akr','copd',2000,380,0.000699946
'albu','copd',1987,182,0.000326939
'albu','copd',1988,148,0.000265863
'albu','copd',1989,179,0.00032155
'albu','copd',1990,166,0.000298198
'albu','copd',1991,186,0.000334125
'albu','copd',1992,127,0.000228139
'albu','copd',1993,225,0.000404183
'albu','copd',1994,190,0.00034131
'albu','copd',1995,230,0.000413165
'albu','copd',1996,208,0.000373645
'albu','copd',1997,219,0.000393405
'albu','copd',1998,210,0.000377238
'albu','copd',1999,249,0.000447296
'albu','copd',2000,222,0.000398794
'anch','copd',1987,25,9.60E-05
'anch','copd',1988,33,0.000126785
'anch','copd',1989,30,0.000115259
'anch','copd',1990,42,0.000161363
'anch','copd',1991,30,0.000115259
'anch','copd',1992,35,0.000134469
'anch','copd',1993,46,0.000176731
'anch','copd',1994,24,9.22E-05
'anch','copd',1995,37,0.000142153
'anch','copd',1996,44,0.000169047
'anch','copd',1997,43,0.000165205
'anch','copd',1998,36,0.000138311
'anch','copd',1999,50,0.000192099
'anch','copd',2000,41,0.000157521
'arlv','copd',1987,22,0.000116124
'arlv','copd',1988,30,0.000158351
'arlv','copd',1989,26,0.000137237
'arlv','copd',1990,24,0.00012668
'arlv','copd',1991,31,0.000163629
'arlv','copd',1992,32,0.000168907
'arlv','copd',1993,34,0.000179464
'arlv','copd',1994,41,0.000216413
'arlv','copd',1995,35,0.000184742
'arlv','copd',1996,47,0.000248083
'arlv','copd',1997,32,0.000168907
'arlv','copd',1998,37,0.000195299
'arlv','copd',1999,30,0.000158351
'arlv','copd',2000,41,0.000216413
'atla','copd',1987,284,0.00019165
'atla','copd',1988,306,0.000206496
'atla','copd',1989,330,0.000222691
'atla','copd',1990,299,0.000201772
'atla','copd',1991,288,0.000194349
'atla','copd',1992,292,0.000197048
'atla','copd',1993,322,0.000217293
'atla','copd',1994,359,0.000242261
'atla','copd',1995,308,0.000207845
'atla','copd',1996,329,0.000222017
'atla','copd',1997,296,0.000199747
'atla','copd',1998,323,0.000217968
'atla','copd',1999,319,0.000215268
'atla','copd',2000,299,0.000201772
'aust','copd',1987,235,0.000289309
'aust','copd',1988,243,0.000299158
'aust','copd',1989,223,0.000274536
'aust','copd',1990,252,0.000310238
'aust','copd',1991,224,0.000275767
'aust','copd',1992,235,0.000289309
'aust','copd',1993,220,0.000270843
'aust','copd',1994,226,0.000278229
'aust','copd',1995,255,0.000313931
'aust','copd',1996,267,0.000328704
'aust','copd',1997,246,0.000302851
'aust','copd',1998,236,0.00029054
'aust','copd',1999,282,0.000347171
'aust','copd',2000,260,0.000320087
'bake','copd',1987,164,0.000247867
'bake','copd',1988,196,0.000296231
'bake','copd',1989,184,0.000278095
'bake','copd',1990,207,0.000312857
'bake','copd',1991,215,0.000324948
'bake','copd',1992,195,0.00029472
'bake','copd',1993,184,0.000278095
'bake','copd',1994,187,0.000282629
'bake','copd',1995,175,0.000264492
'bake','copd',1996,231,0.00034913
'bake','copd',1997,226,0.000341573
'bake','copd',1998,261,0.000394471
'bake','copd',1999,315,0.000476086
'bake','copd',2000,294,0.000444347
'balt','copd',1987,214,0.000336926
'balt','copd',1988,292,0.000459731
'balt','copd',1989,252,0.000396754
'balt','copd',1990,229,0.000360542
'balt','copd',1991,249,0.000392031
'balt','copd',1992,227,0.000357394
'balt','copd',1993,250,0.000393605
'balt','copd',1994,273,0.000429817
'balt','copd',1995,252,0.000396754
'balt','copd',1996,270,0.000425094
'balt','copd',1997,282,0.000443987
'balt','copd',1998,233,0.00036684
'balt','copd',1999,263,0.000414073
'balt','copd',2000,226,0.000355819
'batr','copd',1987,65,0.000157441
'batr','copd',1988,82,0.000198618
'batr','copd',1989,75,0.000181663
'batr','copd',1990,72,0.000174397
'batr','copd',1991,70,0.000169552
'batr','copd',1992,79,0.000191352
'batr','copd',1993,79,0.000191352
'batr','copd',1994,81,0.000196196
'batr','copd',1995,85,0.000205885
'batr','copd',1996,88,0.000213151
'batr','copd',1997,93,0.000225262
'batr','copd',1998,93,0.000225262
'batr','copd',1999,92,0.00022284
'batr','copd',2000,99,0.000239795
'bidd','copd',1987,46,0.000246329
'bidd','copd',1988,55,0.000294524
'bidd','copd',1989,41,0.000219554
'bidd','copd',1990,61,0.000326654
'bidd','copd',1991,52,0.000278459
'bidd','copd',1992,51,0.000273104
'bidd','copd',1993,53,0.000283814
'bidd','copd',1994,70,0.000374849
'bidd','copd',1995,58,0.000310589
'bidd','copd',1996,65,0.000348074
'bidd','copd',1997,66,0.000353429
'bidd','copd',1998,86,0.000460528
'bidd','copd',1999,78,0.000417689
'bidd','copd',2000,86,0.000460528
'birm','copd',1987,208,0.000314177
'birm','copd',1988,236,0.00035647
'birm','copd',1989,273,0.000412357
'birm','copd',1990,246,0.000371575
'birm','copd',1991,254,0.000383659
'birm','copd',1992,217,0.000327771
'birm','copd',1993,247,0.000373085
'birm','copd',1994,278,0.00041991
'birm','copd',1995,249,0.000376106
'birm','copd',1996,239,0.000361002
'birm','copd',1997,303,0.000457671
'birm','copd',1998,303,0.000457671
'birm','copd',1999,303,0.000457671
'birm','copd',2000,320,0.000483349
'bost','copd',1987,155,0.000224701
'bost','copd',1988,173,0.000250795
'bost','copd',1989,152,0.000220351
'bost','copd',1990,147,0.000213103
'bost','copd',1991,157,0.0002276
'bost','copd',1992,183,0.000265292
'bost','copd',1993,173,0.000250795
'bost','copd',1994,181,0.000262392
'bost','copd',1995,161,0.000233399
'bost','copd',1996,158,0.00022905
'bost','copd',1997,169,0.000244996
'bost','copd',1998,158,0.00022905
'bost','copd',1999,204,0.000295735
'bost','copd',2000,174,0.000252244
'buff','copd',1987,360,0.000378842
'buff','copd',1988,367,0.000386208
'buff','copd',1989,319,0.000335696
'buff','copd',1990,336,0.000353586
'buff','copd',1991,375,0.000394627
'buff','copd',1992,351,0.000369371
'buff','copd',1993,351,0.000369371
'buff','copd',1994,380,0.000399888
'buff','copd',1995,390,0.000410412
'buff','copd',1996,401,0.000421988
'buff','copd',1997,370,0.000389365
'buff','copd',1998,365,0.000384103
'buff','copd',1999,404,0.000425145
'buff','copd',2000,450,0.000473552
'cayc','copd',1987,28,0.000129621
'cayc','copd',1988,32,0.000148139
'cayc','copd',1989,37,0.000171285
'cayc','copd',1990,40,0.000185173
'cayc','copd',1991,34,0.000157397
'cayc','copd',1992,35,0.000162027
'cayc','copd',1993,44,0.000203691
'cayc','copd',1994,42,0.000194432
'cayc','copd',1995,56,0.000259242
'cayc','copd',1996,55,0.000254613
'cayc','copd',1997,53,0.000245354
'cayc','copd',1998,61,0.000282389
'cayc','copd',1999,59,0.00027313
'cayc','copd',2000,69,0.000319424
'cdrp','copd',1987,55,0.000286905
'cdrp','copd',1988,65,0.00033907
'cdrp','copd',1989,74,0.000386018
'cdrp','copd',1990,66,0.000344286
'cdrp','copd',1991,68,0.000354719
'cdrp','copd',1992,59,0.000307771
'cdrp','copd',1993,82,0.000427749
'cdrp','copd',1994,96,0.00050078
'cdrp','copd',1995,86,0.000448615
'cdrp','copd',1996,74,0.000386018
'cdrp','copd',1997,86,0.000448615
'cdrp','copd',1998,83,0.000432966
'cdrp','copd',1999,98,0.000511213
'cdrp','copd',2000,85,0.000443399
'char','copd',1987,96,0.000138039
'char','copd',1988,104,0.000149543
'char','copd',1989,113,0.000162484
'char','copd',1990,108,0.000155294
'char','copd',1991,116,0.000166798
'char','copd',1992,138,0.000198432
'char','copd',1993,165,0.000237255
'char','copd',1994,131,0.000188366
'char','copd',1995,152,0.000218562
'char','copd',1996,182,0.0002617
'char','copd',1997,176,0.000253072
'char','copd',1998,171,0.000245883
'char','copd',1999,221,0.000317778
'char','copd',2000,188,0.000270327
'chic','copd',1987,1311,0.000243828
'chic','copd',1988,1319,0.000245316
'chic','copd',1989,1449,0.000269494
'chic','copd',1990,1351,0.000251267
'chic','copd',1991,1428,0.000265588
'chic','copd',1992,1382,0.000257033
'chic','copd',1993,1518,0.000282327
'chic','copd',1994,1500,0.000278979
'chic','copd',1995,1630,0.000303158
'chic','copd',1996,1478,0.000274888
'chic','copd',1997,1426,0.000265216
'chic','copd',1998,1498,0.000278607
'chic','copd',1999,1775,0.000330126
'chic','copd',2000,1598,0.000297206
'cinc','copd',1987,305,0.000359541
'cinc','copd',1988,378,0.000445596
'cinc','copd',1989,376,0.000443238
'cinc','copd',1990,403,0.000475066
'cinc','copd',1991,348,0.000410231
'cinc','copd',1992,343,0.000404337
'cinc','copd',1993,380,0.000447953
'cinc','copd',1994,404,0.000476245
'cinc','copd',1995,359,0.000423198
'cinc','copd',1996,411,0.000484497
'cinc','copd',1997,406,0.000478603
'cinc','copd',1998,357,0.00042084
'cinc','copd',1999,452,0.000532828
'cinc','copd',2000,448,0.000528113
'clev','copd',1987,447,0.000320665
'clev','copd',1988,550,0.000394554
'clev','copd',1989,510,0.000365859
'clev','copd',1990,501,0.000359403
'clev','copd',1991,522,0.000374468
'clev','copd',1992,453,0.000324969
'clev','copd',1993,546,0.000391685
'clev','copd',1994,530,0.000380207
'clev','copd',1995,560,0.000401728
'clev','copd',1996,540,0.000387381
'clev','copd',1997,553,0.000396706
'clev','copd',1998,540,0.000387381
'clev','copd',1999,534,0.000383076
'clev','copd',2000,578,0.000414641
'clmg','copd',1987,52,0.000279133
'clmg','copd',1988,56,0.000300605
'clmg','copd',1989,54,0.000289869
'clmg','copd',1990,46,0.000246926
'clmg','copd',1991,68,0.00036502
'clmg','copd',1992,80,0.000429436
'clmg','copd',1993,61,0.000327445
'clmg','copd',1994,70,0.000375756
'clmg','copd',1995,73,0.00039186
'clmg','copd',1996,82,0.000440172
'clmg','copd',1997,83,0.00044554
'clmg','copd',1998,88,0.000472379
'clmg','copd',1999,89,0.000477747
'clmg','copd',2000,85,0.000456275
'clmo','copd',1987,239,0.000223578
'clmo','copd',1988,271,0.000253513
'clmo','copd',1989,252,0.000235739
'clmo','copd',1990,283,0.000264739
'clmo','copd',1991,310,0.000289997
'clmo','copd',1992,288,0.000269416
'clmo','copd',1993,314,0.000293739
'clmo','copd',1994,351,0.000328351
'clmo','copd',1995,352,0.000329286
'clmo','copd',1996,354,0.000331157
'clmo','copd',1997,374,0.000349867
'clmo','copd',1998,420,0.000392899
'clmo','copd',1999,427,0.000399447
'clmo','copd',2000,453,0.000423769
'colo','copd',1987,129,0.000249551
'colo','copd',1988,111,0.00021473
'colo','copd',1989,129,0.000249551
'colo','copd',1990,131,0.00025342
'colo','copd',1991,170,0.000328865
'colo','copd',1992,140,0.00027083
'colo','copd',1993,161,0.000311455
'colo','copd',1994,152,0.000294044
'colo','copd',1995,169,0.000326931
'colo','copd',1996,187,0.000361752
'colo','copd',1997,157,0.000303717
'colo','copd',1998,191,0.00036949
'colo','copd',1999,226,0.000437197
'colo','copd',2000,186,0.000359817
'corp','copd',1987,78,0.000248689
'corp','copd',1988,87,0.000277384
'corp','copd',1989,65,0.000207241
'corp','copd',1990,79,0.000251877
'corp','copd',1991,79,0.000251877
'corp','copd',1992,81,0.000258254
'corp','copd',1993,86,0.000274195
'corp','copd',1994,93,0.000296514
'corp','copd',1995,109,0.000347527
'corp','copd',1996,87,0.000277384
'corp','copd',1997,119,0.00037941
'corp','copd',1998,106,0.000337962
'corp','copd',1999,125,0.00039854
'corp','copd',2000,121,0.000385786
'covt','copd',1987,45,0.000269316
'covt','copd',1988,36,0.000215453
'covt','copd',1989,44,0.000263331
'covt','copd',1990,60,0.000359088
'covt','copd',1991,32,0.000191514
'covt','copd',1992,47,0.000281286
'covt','copd',1993,56,0.000335149
'covt','copd',1994,41,0.000245377
'covt','copd',1995,62,0.000371058
'covt','copd',1996,53,0.000317194
'covt','copd',1997,70,0.000418936
'covt','copd',1998,60,0.000359088
'covt','copd',1999,68,0.000406966
'covt','copd',2000,98,0.00058651
'dayt','copd',1987,170,0.000304081
'dayt','copd',1988,204,0.000364897
'dayt','copd',1989,167,0.000298715
'dayt','copd',1990,220,0.000393516
'dayt','copd',1991,183,0.000327334
'dayt','copd',1992,216,0.000386361
'dayt','copd',1993,215,0.000384573
'dayt','copd',1994,208,0.000372052
'dayt','copd',1995,194,0.00034701
'dayt','copd',1996,249,0.000445389
'dayt','copd',1997,246,0.000440023
'dayt','copd',1998,223,0.000398882
'dayt','copd',1999,272,0.000486529
'dayt','copd',2000,252,0.000450755
'dc','copd',1987,154,0.000269203
'dc','copd',1988,128,0.000223753
'dc','copd',1989,143,0.000249974
'dc','copd',1990,142,0.000248226
'dc','copd',1991,119,0.000208021
'dc','copd',1992,152,0.000265707
'dc','copd',1993,144,0.000251722
'dc','copd',1994,156,0.000272699
'dc','copd',1995,122,0.000213265
'dc','copd',1996,145,0.00025347
'dc','copd',1997,141,0.000246478
'dc','copd',1998,132,0.000230745
'dc','copd',1999,142,0.000248226
'dc','copd',2000,151,0.000263959
'denv','copd',1987,441,0.000313553
'denv','copd',1988,422,0.000300044
'denv','copd',1989,430,0.000305732
'denv','copd',1990,422,0.000300044
'denv','copd',1991,480,0.000341282
'denv','copd',1992,440,0.000312842
'denv','copd',1993,504,0.000358346
'denv','copd',1994,441,0.000313553
'denv','copd',1995,475,0.000337727
'denv','copd',1996,487,0.000346259
'denv','copd',1997,468,0.00033275
'denv','copd',1998,544,0.000386787
'denv','copd',1999,575,0.000408828
'denv','copd',2000,566,0.000402429
'desm','copd',1987,88,0.000234917
'desm','copd',1988,101,0.00026962
'desm','copd',1989,110,0.000293646
'desm','copd',1990,112,0.000298985
'desm','copd',1991,116,0.000309663
'desm','copd',1992,117,0.000312332
'desm','copd',1993,102,0.00027229
'desm','copd',1994,108,0.000288307
'desm','copd',1995,128,0.000341697
'desm','copd',1996,111,0.000296315
'desm','copd',1997,138,0.000368392
'desm','copd',1998,170,0.000453816
'desm','copd',1999,153,0.000408435
'desm','copd',2000,144,0.000384409
'det','copd',1987,627,0.000304197
'det','copd',1988,633,0.000307108
'det','copd',1989,568,0.000275573
'det','copd',1990,591,0.000286731
'det','copd',1991,600,0.000291098
'det','copd',1992,604,0.000293039
'det','copd',1993,661,0.000320693
'det','copd',1994,595,0.000288672
'det','copd',1995,627,0.000304197
'det','copd',1996,584,0.000283335
'det','copd',1997,561,0.000272177
'det','copd',1998,650,0.000315356
'det','copd',1999,699,0.000339129
'det','copd',2000,653,0.000316812
'dlft','copd',1987,640,0.000152386
'dlft','copd',1988,691,0.000164529
'dlft','copd',1989,758,0.000180482
'dlft','copd',1990,818,0.000194768
'dlft','copd',1991,892,0.000212387
'dlft','copd',1992,917,0.00021834
'dlft','copd',1993,1048,0.000249531
'dlft','copd',1994,1044,0.000248579
'dlft','copd',1995,1092,0.000260008
'dlft','copd',1996,1106,0.000263341
'dlft','copd',1997,1085,0.000258341
'dlft','copd',1998,1106,0.000263341
'dlft','copd',1999,1301,0.000309771
'dlft','copd',2000,1179,0.000280723
'elpa','copd',1987,107,0.00015744
'elpa','copd',1988,90,0.000132427
'elpa','copd',1989,133,0.000195697
'elpa','copd',1990,125,0.000183926
'elpa','copd',1991,173,0.000254553
'elpa','copd',1992,138,0.000203054
'elpa','copd',1993,149,0.00021924
'elpa','copd',1994,146,0.000214825
'elpa','copd',1995,160,0.000235425
'elpa','copd',1996,152,0.000223654
'elpa','copd',1997,160,0.000235425
'elpa','copd',1998,163,0.000239839
'elpa','copd',1999,203,0.000298695
'elpa','copd',2000,173,0.000254553
'evan','copd',1987,57,0.000331546
'evan','copd',1988,85,0.00049441
'evan','copd',1989,67,0.000389712
'evan','copd',1990,85,0.00049441
'evan','copd',1991,70,0.000407161
'evan','copd',1992,95,0.000552576
'evan','copd',1993,86,0.000500227
'evan','copd',1994,92,0.000535126
'evan','copd',1995,72,0.000418795
'evan','copd',1996,98,0.000570026
'evan','copd',1997,93,0.000540943
'evan','copd',1998,79,0.000459511
'evan','copd',1999,101,0.000587476
'evan','copd',2000,106,0.000616559
'fres','copd',1987,185,0.000231422
'fres','copd',1988,208,0.000260193
'fres','copd',1989,235,0.000293968
'fres','copd',1990,216,0.0002702
'fres','copd',1991,217,0.000271451
'fres','copd',1992,215,0.000268949
'fres','copd',1993,213,0.000266448
'fres','copd',1994,242,0.000302724
'fres','copd',1995,233,0.000291466
'fres','copd',1996,247,0.000308979
'fres','copd',1997,257,0.000321488
'fres','copd',1998,280,0.00035026
'fres','copd',1999,285,0.000356514
'fres','copd',2000,275,0.000344005
'ftwa','copd',1987,74,0.000222993
'ftwa','copd',1988,89,0.000268194
'ftwa','copd',1989,81,0.000244087
'ftwa','copd',1990,98,0.000295315
'ftwa','copd',1991,102,0.000307369
'ftwa','copd',1992,97,0.000292302
'ftwa','copd',1993,94,0.000283261
'ftwa','copd',1994,107,0.000322436
'ftwa','copd',1995,85,0.000256141
'ftwa','copd',1996,96,0.000289288
'ftwa','copd',1997,96,0.000289288
'ftwa','copd',1998,112,0.000337503
'ftwa','copd',1999,152,0.00045804
'ftwa','copd',2000,142,0.000427905
'gdrp','copd',1987,135,0.000235054
'gdrp','copd',1988,116,0.000201973
'gdrp','copd',1989,112,0.000195008
'gdrp','copd',1990,135,0.000235054
'gdrp','copd',1991,156,0.000271618
'gdrp','copd',1992,135,0.000235054
'gdrp','copd',1993,159,0.000276842
'gdrp','copd',1994,127,0.000221125
'gdrp','copd',1995,144,0.000250725
'gdrp','copd',1996,184,0.000320371
'gdrp','copd',1997,169,0.000294253
'gdrp','copd',1998,144,0.000250725
'gdrp','copd',1999,206,0.000358676
'gdrp','copd',2000,216,0.000376087
'grnb','copd',1987,77,0.000182877
'grnb','copd',1988,89,0.000211377
'grnb','copd',1989,102,0.000242253
'grnb','copd',1990,99,0.000235128
'grnb','copd',1991,123,0.000292128
'grnb','copd',1992,124,0.000294503
'grnb','copd',1993,160,0.000380004
'grnb','copd',1994,123,0.000292128
'grnb','copd',1995,138,0.000327754
'grnb','copd',1996,152,0.000361004
'grnb','copd',1997,187,0.00044413
'grnb','copd',1998,145,0.000344379
'grnb','copd',1999,150,0.000356254
'grnb','copd',2000,178,0.000422755
'hono','copd',1987,180,0.000205443
'hono','copd',1988,159,0.000181475
'hono','copd',1989,188,0.000214574
'hono','copd',1990,186,0.000212291
'hono','copd',1991,180,0.000205443
'hono','copd',1992,146,0.000166637
'hono','copd',1993,212,0.000241966
'hono','copd',1994,178,0.00020316
'hono','copd',1995,204,0.000232835
'hono','copd',1996,175,0.000199736
'hono','copd',1997,201,0.000229411
'hono','copd',1998,198,0.000225987
'hono','copd',1999,218,0.000248814
'hono','copd',2000,239,0.000272782
'hous','copd',1987,428,0.000125861
'hous','copd',1988,456,0.000134095
'hous','copd',1989,469,0.000137918
'hous','copd',1990,479,0.000140858
'hous','copd',1991,521,0.000153209
'hous','copd',1992,527,0.000154974
'hous','copd',1993,609,0.000179087
'hous','copd',1994,640,0.000188203
'hous','copd',1995,657,0.000193202
'hous','copd',1996,618,0.000181734
'hous','copd',1997,704,0.000207024
'hous','copd',1998,653,0.000192026
'hous','copd',1999,717,0.000210847
'hous','copd',2000,661,0.000194379
'hunt','copd',1987,45,0.000162631
'hunt','copd',1988,51,0.000184315
'hunt','copd',1989,61,0.000220455
'hunt','copd',1990,43,0.000155403
'hunt','copd',1991,52,0.000187929
'hunt','copd',1992,57,0.000205999
'hunt','copd',1993,66,0.000238525
'hunt','copd',1994,71,0.000256596
'hunt','copd',1995,60,0.000216841
'hunt','copd',1996,65,0.000234911
'hunt','copd',1997,68,0.000245754
'hunt','copd',1998,74,0.000267438
'hunt','copd',1999,83,0.000299964
'hunt','copd',2000,108,0.000390314
'indi','copd',1987,328,0.000381194
'indi','copd',1988,340,0.00039514
'indi','copd',1989,364,0.000423032
'indi','copd',1990,282,0.000327734
'indi','copd',1991,324,0.000376545
'indi','copd',1992,332,0.000385843
'indi','copd',1993,366,0.000425357
'indi','copd',1994,346,0.000402113
'indi','copd',1995,387,0.000449763
'indi','copd',1996,382,0.000443952
'indi','copd',1997,376,0.000436979
'indi','copd',1998,396,0.000460222
'indi','copd',1999,463,0.000538088
'indi','copd',2000,437,0.000507871
'jcks','copd',1987,50,0.000199362
'jcks','copd',1988,62,0.000247209
'jcks','copd',1989,54,0.000215311
'jcks','copd',1990,67,0.000267145
'jcks','copd',1991,68,0.000271132
'jcks','copd',1992,59,0.000235247
'jcks','copd',1993,83,0.000330941
'jcks','copd',1994,89,0.000354864
'jcks','copd',1995,67,0.000267145
'jcks','copd',1996,85,0.000338915
'jcks','copd',1997,108,0.000430622
'jcks','copd',1998,93,0.000370813
'jcks','copd',1999,80,0.000318979
'jcks','copd',2000,77,0.000307018
'jckv','copd',1987,239,0.000306851
'jckv','copd',1988,257,0.000329961
'jckv','copd',1989,262,0.000336381
'jckv','copd',1990,214,0.000274754
'jckv','copd',1991,268,0.000344084
'jckv','copd',1992,300,0.000385169
'jckv','copd',1993,260,0.000333813
'jckv','copd',1994,281,0.000360775
'jckv','copd',1995,292,0.000374898
'jckv','copd',1996,281,0.000360775
'jckv','copd',1997,340,0.000436525
'jckv','copd',1998,331,0.00042497
'jckv','copd',1999,350,0.000449364
'jckv','copd',2000,330,0.000423686
'jers','copd',1987,155,0.000254526
'jers','copd',1988,170,0.000279158
'jers','copd',1989,161,0.000264379
'jers','copd',1990,147,0.000241389
'jers','copd',1991,151,0.000247958
'jers','copd',1992,174,0.000285726
'jers','copd',1993,155,0.000254526
'jers','copd',1994,152,0.0002496
'jers','copd',1995,151,0.000247958
'jers','copd',1996,154,0.000252884
'jers','copd',1997,147,0.000241389
'jers','copd',1998,151,0.000247958
'jers','copd',1999,171,0.0002808
'jers','copd',2000,142,0.000233179
'john','copd',1987,60,0.00039319
'john','copd',1988,52,0.000340765
'john','copd',1989,66,0.000432509
'john','copd',1990,54,0.000353871
'john','copd',1991,67,0.000439062
'john','copd',1992,58,0.000380084
'john','copd',1993,63,0.000412849
'john','copd',1994,95,0.000622551
'john','copd',1995,74,0.000484934
'john','copd',1996,78,0.000511147
'john','copd',1997,73,0.000478381
'john','copd',1998,66,0.000432509
'john','copd',1999,84,0.000550466
'john','copd',2000,71,0.000465275
'kan','copd',1987,330,0.000361578
'kan','copd',1988,323,0.000353908
'kan','copd',1989,343,0.000375822
'kan','copd',1990,321,0.000351716
'kan','copd',1991,320,0.000350621
'kan','copd',1992,319,0.000349525
'kan','copd',1993,416,0.000455807
'kan','copd',1994,411,0.000450329
'kan','copd',1995,404,0.000442659
'kan','copd',1996,422,0.000462381
'kan','copd',1997,390,0.000427319
'kan','copd',1998,421,0.000461285
'kan','copd',1999,463,0.000507304
'kan','copd',2000,432,0.000473338
'kans','copd',1987,47,0.000297691
'kans','copd',1988,75,0.000475038
'kans','copd',1989,52,0.00032936
'kans','copd',1990,68,0.000430701
'kans','copd',1991,50,0.000316692
'kans','copd',1992,52,0.00032936
'kans','copd',1993,44,0.000278689
'kans','copd',1994,58,0.000367363
'kans','copd',1995,56,0.000354695
'kans','copd',1996,55,0.000348361
'kans','copd',1997,74,0.000468704
'kans','copd',1998,57,0.000361029
'kans','copd',1999,66,0.000418034
'kans','copd',2000,79,0.000500374
'king','copd',1987,48,0.000270044
'king','copd',1988,55,0.000309425
'king','copd',1989,52,0.000292547
'king','copd',1990,55,0.000309425
'king','copd',1991,62,0.000348806
'king','copd',1992,59,0.000331929
'king','copd',1993,56,0.000315051
'king','copd',1994,84,0.000472576
'king','copd',1995,93,0.00052321
'king','copd',1996,77,0.000433195
'king','copd',1997,60,0.000337555
'king','copd',1998,69,0.000388188
'king','copd',1999,83,0.000466951
'king','copd',2000,53,0.000298173
'knox','copd',1987,89,0.000232965
'knox','copd',1988,112,0.000293169
'knox','copd',1989,92,0.000240818
'knox','copd',1990,130,0.000340286
'knox','copd',1991,122,0.000319345
'knox','copd',1992,134,0.000350756
'knox','copd',1993,151,0.000395255
'knox','copd',1994,146,0.000382167
'knox','copd',1995,127,0.000332433
'knox','copd',1996,129,0.000337668
'knox','copd',1997,160,0.000418813
'knox','copd',1998,158,0.000413578
'knox','copd',1999,203,0.000531369
'knox','copd',2000,181,0.000473782
'la','copd',1987,2212,0.000232369
'la','copd',1988,2322,0.000243925
'la','copd',1989,2325,0.00024424
'la','copd',1990,2265,0.000237937
'la','copd',1991,2184,0.000229428
'la','copd',1992,2342,0.000246026
'la','copd',1993,2456,0.000258001
'la','copd',1994,2574,0.000270397
'la','copd',1995,2426,0.00025485
'la','copd',1996,2537,0.00026651
'la','copd',1997,2747,0.00028857
'la','copd',1998,2736,0.000287415
'la','copd',1999,2892,0.000303803
'la','copd',2000,2752,0.000289096
'lafy','copd',1987,41,0.00021522
'lafy','copd',1988,40,0.00020997
'lafy','copd',1989,30,0.000157478
'lafy','copd',1990,36,0.000188973
'lafy','copd',1991,38,0.000199472
'lafy','copd',1992,35,0.000183724
'lafy','copd',1993,54,0.00028346
'lafy','copd',1994,40,0.00020997
'lafy','copd',1995,32,0.000167976
'lafy','copd',1996,24,0.000125982
'lafy','copd',1997,40,0.00020997
'lafy','copd',1998,52,0.000272962
'lafy','copd',1999,52,0.000272962
'lafy','copd',2000,58,0.000304457
'lasv','copd',1987,241,0.000175175
'lasv','copd',1988,322,0.000234052
'lasv','copd',1989,295,0.000214426
'lasv','copd',1990,351,0.000255131
'lasv','copd',1991,374,0.000271849
'lasv','copd',1992,374,0.000271849
'lasv','copd',1993,492,0.000357619
'lasv','copd',1994,490,0.000356165
'lasv','copd',1995,510,0.000370703
'lasv','copd',1996,537,0.000390328
'lasv','copd',1997,521,0.000378698
'lasv','copd',1998,579,0.000420857
'lasv','copd',1999,632,0.000459381
'lasv','copd',2000,632,0.000459381
'lex','copd',1987,59,0.000226477
'lex','copd',1988,70,0.000268702
'lex','copd',1989,65,0.000249509
'lex','copd',1990,70,0.000268702
'lex','copd',1991,64,0.00024567
'lex','copd',1992,86,0.000330119
'lex','copd',1993,101,0.000387698
'lex','copd',1994,88,0.000337796
'lex','copd',1995,102,0.000391537
'lex','copd',1996,97,0.000372344
'lex','copd',1997,94,0.000360828
'lex','copd',1998,93,0.000356989
'lex','copd',1999,109,0.000418407
'lex','copd',2000,111,0.000426084
'linc','copd',1987,56,0.00022374
'linc','copd',1988,63,0.000251707
'linc','copd',1989,68,0.000271684
'linc','copd',1990,79,0.000315633
'linc','copd',1991,70,0.000279674
'linc','copd',1992,80,0.000319628
'linc','copd',1993,68,0.000271684
'linc','copd',1994,76,0.000303647
'linc','copd',1995,70,0.000279674
'linc','copd',1996,106,0.000423507
'linc','copd',1997,79,0.000315633
'linc','copd',1998,83,0.000331614
'linc','copd',1999,98,0.000391544
'linc','copd',2000,87,0.000347595
'lkch','copd',1987,39,0.000212445
'lkch','copd',1988,36,0.000196103
'lkch','copd',1989,40,0.000217892
'lkch','copd',1990,42,0.000228787
'lkch','copd',1991,48,0.000261471
'lkch','copd',1992,38,0.000206998
'lkch','copd',1993,59,0.000321391
'lkch','copd',1994,41,0.00022334
'lkch','copd',1995,44,0.000239681
'lkch','copd',1996,47,0.000256023
'lkch','copd',1997,52,0.00028326
'lkch','copd',1998,56,0.000305049
'lkch','copd',1999,64,0.000348628
'lkch','copd',2000,65,0.000354075
'loui','copd',1987,237,0.000341694
'loui','copd',1988,276,0.000397922
'loui','copd',1989,293,0.000422431
'loui','copd',1990,276,0.000397922
'loui','copd',1991,325,0.000468567
'loui','copd',1992,299,0.000431082
'loui','copd',1993,339,0.000488752
'loui','copd',1994,341,0.000491635
'loui','copd',1995,323,0.000465684
'loui','copd',1996,350,0.000504611
'loui','copd',1997,336,0.000484426
'loui','copd',1998,356,0.000513261
'loui','copd',1999,444,0.000640135
'loui','copd',2000,402,0.000579581
'ltrk','copd',1987,203,0.000561589
'ltrk','copd',1988,233,0.000644583
'ltrk','copd',1989,213,0.000589254
'ltrk','copd',1990,214,0.00059202
'ltrk','copd',1991,244,0.000675014
'ltrk','copd',1992,194,0.000536691
'ltrk','copd',1993,233,0.000644583
'ltrk','copd',1994,251,0.000694379
'ltrk','copd',1995,228,0.000630751
'ltrk','copd',1996,232,0.000641817
'ltrk','copd',1997,250,0.000691613
'ltrk','copd',1998,242,0.000669481
'ltrk','copd',1999,269,0.000744175
'ltrk','copd',2000,292,0.000807804
'lubb','copd',1987,42,0.000173105
'lubb','copd',1988,58,0.000239049
'lubb','copd',1989,53,0.000218441
'lubb','copd',1990,46,0.000189591
'lubb','copd',1991,84,0.000346209
'lubb','copd',1992,68,0.000280264
'lubb','copd',1993,91,0.00037506
'lubb','copd',1994,100,0.000412154
'lubb','copd',1995,88,0.000362695
'lubb','copd',1996,96,0.000395667
'lubb','copd',1997,86,0.000354452
'lubb','copd',1998,84,0.000346209
'lubb','copd',1999,127,0.000523435
'lubb','copd',2000,129,0.000531678
'madi','copd',1987,82,0.000192251
'madi','copd',1988,89,0.000208663
'madi','copd',1989,90,0.000211007
'madi','copd',1990,81,0.000189906
'madi','copd',1991,103,0.000241486
'madi','copd',1992,80,0.000187562
'madi','copd',1993,113,0.000264931
'madi','copd',1994,108,0.000253208
'madi','copd',1995,86,0.000201629
'madi','copd',1996,98,0.000229763
'madi','copd',1997,118,0.000276654
'madi','copd',1998,118,0.000276654
'madi','copd',1999,137,0.0003212
'madi','copd',2000,126,0.00029541
'memp','copd',1987,196,0.000218391
'memp','copd',1988,213,0.000237333
'memp','copd',1989,228,0.000254047
'memp','copd',1990,267,0.000297502
'memp','copd',1991,252,0.000280789
'memp','copd',1992,233,0.000259618
'memp','copd',1993,265,0.000295274
'memp','copd',1994,248,0.000276332
'memp','copd',1995,274,0.000305302
'memp','copd',1996,262,0.000291931
'memp','copd',1997,286,0.000318673
'memp','copd',1998,322,0.000358786
'memp','copd',1999,295,0.000328701
'memp','copd',2000,313,0.000348757
'miam','copd',1987,511,0.000226772
'miam','copd',1988,505,0.00022411
'miam','copd',1989,578,0.000256506
'miam','copd',1990,576,0.000255618
'miam','copd',1991,570,0.000252955
'miam','copd',1992,598,0.000265381
'miam','copd',1993,720,0.000319523
'miam','copd',1994,607,0.000269375
'miam','copd',1995,808,0.000358575
'miam','copd',1996,842,0.000373664
'miam','copd',1997,852,0.000378102
'miam','copd',1998,719,0.000319079
'miam','copd',1999,809,0.000359019
'miam','copd',2000,660,0.000292896
'milw','copd',1987,325,0.000345684
'milw','copd',1988,312,0.000331857
'milw','copd',1989,298,0.000316966
'milw','copd',1990,323,0.000343557
'milw','copd',1991,342,0.000363766
'milw','copd',1992,329,0.000349939
'milw','copd',1993,351,0.000373339
'milw','copd',1994,355,0.000377594
'milw','copd',1995,358,0.000380785
'milw','copd',1996,375,0.000398867
'milw','copd',1997,361,0.000383976
'milw','copd',1998,398,0.00042333
'milw','copd',1999,427,0.000454176
'milw','copd',2000,463,0.000492467
'minn','copd',1987,442,0.000271626
'minn','copd',1988,427,0.000262408
'minn','copd',1989,432,0.000265481
'minn','copd',1990,496,0.000304812
'minn','copd',1991,496,0.000304812
'minn','copd',1992,518,0.000318331
'minn','copd',1993,545,0.000334924
'minn','copd',1994,503,0.000309113
'minn','copd',1995,568,0.000349058
'minn','copd',1996,577,0.000354589
'minn','copd',1997,553,0.00033984
'minn','copd',1998,559,0.000343528
'minn','copd',1999,646,0.000396992
'minn','copd',2000,578,0.000355204
'mobi','copd',1987,120,0.000300118
'mobi','copd',1988,136,0.000340134
'mobi','copd',1989,126,0.000315124
'mobi','copd',1990,145,0.000362642
'mobi','copd',1991,162,0.000405159
'mobi','copd',1992,111,0.000277609
'mobi','copd',1993,157,0.000392654
'mobi','copd',1994,148,0.000370145
'mobi','copd',1995,118,0.000295116
'mobi','copd',1996,131,0.000327629
'mobi','copd',1997,146,0.000365143
'mobi','copd',1998,151,0.000377648
'mobi','copd',1999,134,0.000335132
'mobi','copd',2000,144,0.000360141
'mode','copd',1987,162,0.000362419
'mode','copd',1988,142,0.000317676
'mode','copd',1989,156,0.000348996
'mode','copd',1990,163,0.000364656
'mode','copd',1991,137,0.00030649
'mode','copd',1992,151,0.00033781
'mode','copd',1993,155,0.000346758
'mode','copd',1994,184,0.000411636
'mode','copd',1995,177,0.000395976
'mode','copd',1996,166,0.000371367
'mode','copd',1997,180,0.000402687
'mode','copd',1998,192,0.000429533
'mode','copd',1999,201,0.000449667
'mode','copd',2000,170,0.000380316
'musk','copd',1987,45,0.000264395
'musk','copd',1988,53,0.000311398
'musk','copd',1989,47,0.000276146
'musk','copd',1990,71,0.000417156
'musk','copd',1991,55,0.000323149
'musk','copd',1992,49,0.000287897
'musk','copd',1993,73,0.000428907
'musk','copd',1994,70,0.000411281
'musk','copd',1995,58,0.000340776
'musk','copd',1996,64,0.000376028
'musk','copd',1997,52,0.000305523
'musk','copd',1998,77,0.000452409
'musk','copd',1999,83,0.000487662
'musk','copd',2000,91,0.000534665
'nash','copd',1987,205,0.000359718
'nash','copd',1988,151,0.000264963
'nash','copd',1989,169,0.000296548
'nash','copd',1990,168,0.000294793
'nash','copd',1991,173,0.000303567
'nash','copd',1992,170,0.000298303
'nash','copd',1993,202,0.000354454
'nash','copd',1994,191,0.000335152
'nash','copd',1995,204,0.000357963
'nash','copd',1996,228,0.000400077
'nash','copd',1997,218,0.000382529
'nash','copd',1998,209,0.000366737
'nash','copd',1999,221,0.000387793
'nash','copd',2000,203,0.000356208
'new','copd',1987,21,0.00011657
'new','copd',1988,43,0.00023869
'new','copd',1989,33,0.000183181
'new','copd',1990,39,0.000216486
'new','copd',1991,28,0.000155426
'new','copd',1992,44,0.000244241
'new','copd',1993,46,0.000255343
'new','copd',1994,49,0.000271996
'new','copd',1995,48,0.000266445
'new','copd',1996,45,0.000249792
'new','copd',1997,43,0.00023869
'new','copd',1998,58,0.000321954
'new','copd',1999,51,0.000283097
'new','copd',2000,58,0.000321954
'no','copd',1987,159,0.000328056
'no','copd',1988,129,0.000266158
'no','copd',1989,165,0.000340435
'no','copd',1990,151,0.00031155
'no','copd',1991,165,0.000340435
'no','copd',1992,149,0.000307423
'no','copd',1993,168,0.000346625
'no','copd',1994,176,0.000363131
'no','copd',1995,171,0.000352814
'no','copd',1996,191,0.000394079
'no','copd',1997,194,0.000400269
'no','copd',1998,203,0.000418838
'no','copd',1999,181,0.000373447
'no','copd',2000,200,0.000412649
'nor','copd',1987,71,0.000302897
'nor','copd',1988,70,0.000298631
'nor','copd',1989,67,0.000285833
'nor','copd',1990,67,0.000285833
'nor','copd',1991,77,0.000328494
'nor','copd',1992,74,0.000315696
'nor','copd',1993,52,0.00022184
'nor','copd',1994,74,0.000315696
'nor','copd',1995,67,0.000285833
'nor','copd',1996,68,0.000290099
'nor','copd',1997,67,0.000285833
'nor','copd',1998,68,0.000290099
'nor','copd',1999,86,0.00036689
'nor','copd',2000,87,0.000371156
'nwk','copd',1987,163,0.000205385
'nwk','copd',1988,176,0.000221765
'nwk','copd',1989,195,0.000245706
'nwk','copd',1990,191,0.000240665
'nwk','copd',1991,204,0.000257046
'nwk','copd',1992,211,0.000265866
'nwk','copd',1993,240,0.000302407
'nwk','copd',1994,194,0.000244445
'nwk','copd',1995,248,0.000312487
'nwk','copd',1996,247,0.000311227
'nwk','copd',1997,208,0.000262086
'nwk','copd',1998,207,0.000260826
'nwk','copd',1999,243,0.000306187
'nwk','copd',2000,223,0.000280986
'ny','copd',1987,1782,0.000199513
'ny','copd',1988,1823,0.000204104
'ny','copd',1989,1852,0.00020735
'ny','copd',1990,1890,0.000211605
'ny','copd',1991,1822,0.000203992
'ny','copd',1992,1802,0.000201752
'ny','copd',1993,1886,0.000211157
'ny','copd',1994,1902,0.000212949
'ny','copd',1995,1918,0.00021474
'ny','copd',1996,1930,0.000216083
'ny','copd',1997,1841,0.000206119
'ny','copd',1998,1869,0.000209254
'ny','copd',1999,2101,0.000235229
'ny','copd',2000,1862,0.00020847
'oakl','copd',1987,309,0.000214027
'oakl','copd',1988,386,0.000267361
'oakl','copd',1989,377,0.000261127
'oakl','copd',1990,347,0.000240348
'oakl','copd',1991,395,0.000273595
'oakl','copd',1992,397,0.00027498
'oakl','copd',1993,357,0.000247274
'oakl','copd',1994,377,0.000261127
'oakl','copd',1995,375,0.000259742
'oakl','copd',1996,423,0.000292989
'oakl','copd',1997,398,0.000275673
'oakl','copd',1998,403,0.000279136
'oakl','copd',1999,475,0.000329006
'oakl','copd',2000,395,0.000273595
'okla','copd',1987,208,0.000314938
'okla','copd',1988,237,0.000358847
'okla','copd',1989,227,0.000343706
'okla','copd',1990,248,0.000375503
'okla','copd',1991,227,0.000343706
'okla','copd',1992,251,0.000380045
'okla','copd',1993,286,0.000433039
'okla','copd',1994,275,0.000416384
'okla','copd',1995,256,0.000387616
'okla','copd',1996,289,0.000437582
'okla','copd',1997,324,0.000490576
'okla','copd',1998,281,0.000425469
'okla','copd',1999,336,0.000508746
'okla','copd',2000,343,0.000519344
'olym','copd',1987,41,0.000197729
'olym','copd',1988,67,0.000323117
'olym','copd',1989,49,0.00023631
'olym','copd',1990,51,0.000245955
'olym','copd',1991,47,0.000226664
'olym','copd',1992,54,0.000260423
'olym','copd',1993,66,0.000318295
'olym','copd',1994,76,0.000366521
'olym','copd',1995,71,0.000342408
'olym','copd',1996,81,0.000390634
'olym','copd',1997,79,0.000380989
'olym','copd',1998,92,0.000443684
'olym','copd',1999,115,0.000554604
'olym','copd',2000,98,0.000472619
'oma','copd',1987,125,0.000269638
'oma','copd',1988,137,0.000295523
'oma','copd',1989,146,0.000314937
'oma','copd',1990,174,0.000375336
'oma','copd',1991,172,0.000371021
'oma','copd',1992,150,0.000323565
'oma','copd',1993,172,0.000371021
'oma','copd',1994,210,0.000452991
'oma','copd',1995,190,0.000409849
'oma','copd',1996,184,0.000396907
'oma','copd',1997,184,0.000396907
'oma','copd',1998,203,0.000437892
'oma','copd',1999,243,0.000524176
'oma','copd',2000,208,0.000448677
'orla','copd',1987,198,0.000220897
'orla','copd',1988,172,0.000191891
'orla','copd',1989,228,0.000254367
'orla','copd',1990,191,0.000213088
'orla','copd',1991,194,0.000216435
'orla','copd',1992,229,0.000255482
'orla','copd',1993,217,0.000242095
'orla','copd',1994,248,0.000276679
'orla','copd',1995,246,0.000274448
'orla','copd',1996,273,0.000304571
'orla','copd',1997,262,0.000292298
'orla','copd',1998,281,0.000313496
'orla','copd',1999,275,0.000306802
'orla','copd',2000,307,0.000342502
'phil','copd',1987,469,0.000309051
'phil','copd',1988,483,0.000318276
'phil','copd',1989,562,0.000370334
'phil','copd',1990,495,0.000326184
'phil','copd',1991,525,0.000345952
'phil','copd',1992,488,0.000321571
'phil','copd',1993,547,0.000360449
'phil','copd',1994,531,0.000349906
'phil','copd',1995,524,0.000345293
'phil','copd',1996,549,0.000361767
'phil','copd',1997,493,0.000324866
'phil','copd',1998,545,0.000359131
'phil','copd',1999,551,0.000363085
'phil','copd',2000,577,0.000380218
'phoe','copd',1987,774,0.000251941
'phoe','copd',1988,813,0.000264636
'phoe','copd',1989,841,0.00027375
'phoe','copd',1990,862,0.000280585
'phoe','copd',1991,888,0.000289048
'phoe','copd',1992,920,0.000299465
'phoe','copd',1993,1008,0.000328109
'phoe','copd',1994,1027,0.000334294
'phoe','copd',1995,1129,0.000367495
'phoe','copd',1996,1136,0.000369774
'phoe','copd',1997,1272,0.000414042
'phoe','copd',1998,1323,0.000430643
'phoe','copd',1999,1431,0.000465798
'phoe','copd',2000,1406,0.00045766
'pitt','copd',1987,536,0.000418206
'pitt','copd',1988,546,0.000426008
'pitt','copd',1989,506,0.000394799
'pitt','copd',1990,565,0.000440832
'pitt','copd',1991,561,0.000437712
'pitt','copd',1992,607,0.000473602
'pitt','copd',1993,604,0.000471262
'pitt','copd',1994,625,0.000487647
'pitt','copd',1995,614,0.000479064
'pitt','copd',1996,596,0.00046502
'pitt','copd',1997,584,0.000455657
'pitt','copd',1998,578,0.000450976
'pitt','copd',1999,698,0.000544604
'pitt','copd',2000,635,0.000495449
'port','copd',1987,355,0.000355399
'port','copd',1988,336,0.000336378
'port','copd',1989,324,0.000324364
'port','copd',1990,348,0.000348391
'port','copd',1991,332,0.000332373
'port','copd',1992,298,0.000298335
'port','copd',1993,419,0.000419471
'port','copd',1994,393,0.000393442
'port','copd',1995,367,0.000367413
'port','copd',1996,430,0.000430483
'port','copd',1997,423,0.000423476
'port','copd',1998,396,0.000396445
'port','copd',1999,411,0.000411462
'port','copd',2000,388,0.000388436
'prov','copd',1987,238,0.000382882
'prov','copd',1988,211,0.000339445
'prov','copd',1989,211,0.000339445
'prov','copd',1990,204,0.000328184
'prov','copd',1991,202,0.000324967
'prov','copd',1992,250,0.000402187
'prov','copd',1993,274,0.000440797
'prov','copd',1994,263,0.0004231
'prov','copd',1995,263,0.0004231
'prov','copd',1996,276,0.000444014
'prov','copd',1997,281,0.000452058
'prov','copd',1998,299,0.000481015
'prov','copd',1999,353,0.000567887
'prov','copd',2000,305,0.000490668
'ral','copd',1987,272,0.000433227
'ral','copd',1988,282,0.000449155
'ral','copd',1989,255,0.000406151
'ral','copd',1990,253,0.000402965
'ral','copd',1991,240,0.000382259
'ral','copd',1992,252,0.000401372
'ral','copd',1993,240,0.000382259
'ral','copd',1994,242,0.000385445
'ral','copd',1995,234,0.000372703
'ral','copd',1996,210,0.000334477
'ral','copd',1997,251,0.00039978
'ral','copd',1998,275,0.000438005
'ral','copd',1999,246,0.000391816
'ral','copd',2000,270,0.000430042
'rich','copd',1987,84,0.000424693
'rich','copd',1988,72,0.000364022
'rich','copd',1989,81,0.000409525
'rich','copd',1990,67,0.000338743
'rich','copd',1991,87,0.00043986
'rich','copd',1992,70,0.000353911
'rich','copd',1993,95,0.000480307
'rich','copd',1994,71,0.000358967
'rich','copd',1995,81,0.000409525
'rich','copd',1996,56,0.000283129
'rich','copd',1997,68,0.000343799
'rich','copd',1998,69,0.000348855
'rich','copd',1999,69,0.000348855
'rich','copd',2000,65,0.000328631
'rive','copd',1987,368,0.000238128
'rive','copd',1988,420,0.000271777
'rive','copd',1989,441,0.000285365
'rive','copd',1990,426,0.000275659
'rive','copd',1991,466,0.000301543
'rive','copd',1992,494,0.000319661
'rive','copd',1993,483,0.000312543
'rive','copd',1994,553,0.000357839
'rive','copd',1995,569,0.000368193
'rive','copd',1996,575,0.000372075
'rive','copd',1997,637,0.000412194
'rive','copd',1998,665,0.000430313
'rive','copd',1999,769,0.00049761
'rive','copd',2000,716,0.000463314
'roch','copd',1987,203,0.000276062
'roch','copd',1988,219,0.00029782
'roch','copd',1989,188,0.000255663
'roch','copd',1990,188,0.000255663
'roch','copd',1991,199,0.000270622
'roch','copd',1992,185,0.000251583
'roch','copd',1993,256,0.000348137
'roch','copd',1994,234,0.000318219
'roch','copd',1995,227,0.000308699
'roch','copd',1996,248,0.000337258
'roch','copd',1997,223,0.00030326
'roch','copd',1998,253,0.000344057
'roch','copd',1999,260,0.000353576
'roch','copd',2000,259,0.000352217
'sacr','copd',1987,334,0.000272988
'sacr','copd',1988,375,0.000306498
'sacr','copd',1989,373,0.000304863
'sacr','copd',1990,365,0.000298325
'sacr','copd',1991,404,0.000330201
'sacr','copd',1992,374,0.000305681
'sacr','copd',1993,411,0.000335922
'sacr','copd',1994,435,0.000355538
'sacr','copd',1995,436,0.000356355
'sacr','copd',1996,442,0.000361259
'sacr','copd',1997,482,0.000393952
'sacr','copd',1998,452,0.000369432
'sacr','copd',1999,506,0.000413568
'sacr','copd',2000,499,0.000407847
'salt','copd',1987,167,0.000185889
'salt','copd',1988,156,0.000173645
'salt','copd',1989,174,0.00019368
'salt','copd',1990,166,0.000184776
'salt','copd',1991,160,0.000178097
'salt','copd',1992,185,0.000205925
'salt','copd',1993,166,0.000184776
'salt','copd',1994,181,0.000201472
'salt','copd',1995,204,0.000227074
'salt','copd',1996,195,0.000217056
'salt','copd',1997,180,0.000200359
'salt','copd',1998,187,0.000208151
'salt','copd',1999,253,0.000281616
'salt','copd',2000,219,0.00024377
'sana','copd',1987,241,0.000173016
'sana','copd',1988,284,0.000203887
'sana','copd',1989,268,0.0001924
'sana','copd',1990,306,0.000219681
'sana','copd',1991,291,0.000208912
'sana','copd',1992,289,0.000207476
'sana','copd',1993,359,0.00025773
'sana','copd',1994,400,0.000287164
'sana','copd',1995,355,0.000254858
'sana','copd',1996,329,0.000236193
'sana','copd',1997,371,0.000266345
'sana','copd',1998,369,0.000264909
'sana','copd',1999,406,0.000291472
'sana','copd',2000,424,0.000304394
'sanb','copd',1987,376,0.000219956
'sanb','copd',1988,444,0.000259735
'sanb','copd',1989,455,0.00026617
'sanb','copd',1990,466,0.000272605
'sanb','copd',1991,481,0.00028138
'sanb','copd',1992,535,0.000312969
'sanb','copd',1993,586,0.000342804
'sanb','copd',1994,600,0.000350993
'sanb','copd',1995,552,0.000322914
'sanb','copd',1996,581,0.000339879
'sanb','copd',1997,617,0.000360938
'sanb','copd',1998,644,0.000376733
'sanb','copd',1999,737,0.000431137
'sanb','copd',2000,724,0.000423532
'sand','copd',1987,783,0.000278268
'sand','copd',1988,807,0.000286797
'sand','copd',1989,808,0.000287153
'sand','copd',1990,803,0.000285376
'sand','copd',1991,773,0.000274714
'sand','copd',1992,836,0.000297104
'sand','copd',1993,947,0.000336552
'sand','copd',1994,974,0.000346147
'sand','copd',1995,908,0.000322692
'sand','copd',1996,1036,0.000368181
'sand','copd',1997,1006,0.000357519
'sand','copd',1998,1128,0.000400877
'sand','copd',1999,1126,0.000400166
'sand','copd',2000,1064,0.000378132
'sanf','copd',1987,301,0.000387521
'sanf','copd',1988,260,0.000334735
'sanf','copd',1989,252,0.000324436
'sanf','copd',1990,246,0.000316711
'sanf','copd',1991,244,0.000314136
'sanf','copd',1992,221,0.000284525
'sanf','copd',1993,226,0.000290962
'sanf','copd',1994,226,0.000290962
'sanf','copd',1995,208,0.000267788
'sanf','copd',1996,215,0.0002768
'sanf','copd',1997,233,0.000299974
'sanf','copd',1998,228,0.000293537
'sanf','copd',1999,276,0.000355334
'sanf','copd',2000,254,0.000327011
'sanj','copd',1987,328,0.000194938
'sanj','copd',1988,337,0.000200287
'sanj','copd',1989,392,0.000232975
'sanj','copd',1990,349,0.000207419
'sanj','copd',1991,329,0.000195532
'sanj','copd',1992,376,0.000223466
'sanj','copd',1993,390,0.000231786
'sanj','copd',1994,372,0.000221088
'sanj','copd',1995,365,0.000216928
'sanj','copd',1996,400,0.000237729
'sanj','copd',1997,333,0.00019791
'sanj','copd',1998,416,0.000247239
'sanj','copd',1999,449,0.000266851
'sanj','copd',2000,420,0.000249616
'seat','copd',1987,419,0.000241216
'seat','copd',1988,460,0.000264819
'seat','copd',1989,465,0.000267698
'seat','copd',1990,485,0.000279212
'seat','copd',1991,496,0.000285544
'seat','copd',1992,479,0.000275757
'seat','copd',1993,529,0.000304542
'seat','copd',1994,531,0.000305693
'seat','copd',1995,480,0.000276333
'seat','copd',1996,532,0.000306269
'seat','copd',1997,565,0.000325267
'seat','copd',1998,536,0.000308572
'seat','copd',1999,621,0.000357506
'seat','copd',2000,538,0.000309723
'shr','copd',1987,112,0.00031957
'shr','copd',1988,111,0.000316717
'shr','copd',1989,106,0.00030245
'shr','copd',1990,119,0.000339543
'shr','copd',1991,132,0.000376636
'shr','copd',1992,113,0.000322423
'shr','copd',1993,101,0.000288184
'shr','copd',1994,143,0.000408022
'shr','copd',1995,133,0.000379489
'shr','copd',1996,120,0.000342396
'shr','copd',1997,139,0.000396609
'shr','copd',1998,150,0.000427995
'shr','copd',1999,160,0.000456529
'shr','copd',2000,156,0.000445115
'spok','copd',1987,179,0.000428292
'spok','copd',1988,150,0.000358904
'spok','copd',1989,180,0.000430685
'spok','copd',1990,184,0.000440256
'spok','copd',1991,196,0.000468968
'spok','copd',1992,182,0.00043547
'spok','copd',1993,214,0.000512036
'spok','copd',1994,208,0.00049768
'spok','copd',1995,198,0.000473753
'spok','copd',1996,197,0.000471361
'spok','copd',1997,224,0.000535963
'spok','copd',1998,227,0.000543141
'spok','copd',1999,259,0.000619708
'spok','copd',2000,260,0.0006221
'staa','copd',1987,494,0.000173559
'staa','copd',1988,607,0.00021326
'staa','copd',1989,575,0.000202017
'staa','copd',1990,643,0.000225908
'staa','copd',1991,601,0.000211152
'staa','copd',1992,637,0.0002238
'staa','copd',1993,715,0.000251204
'staa','copd',1994,701,0.000246286
'staa','copd',1995,680,0.000238908
'staa','copd',1996,701,0.000246286
'staa','copd',1997,780,0.000274041
'staa','copd',1998,830,0.000291608
'staa','copd',1999,845,0.000296878
'staa','copd',2000,883,0.000310229
'stlo','copd',1987,146,0.000419312
'stlo','copd',1988,146,0.000419312
'stlo','copd',1989,185,0.000531321
'stlo','copd',1990,128,0.000367616
'stlo','copd',1991,132,0.000379104
'stlo','copd',1992,152,0.000436545
'stlo','copd',1993,146,0.000419312
'stlo','copd',1994,131,0.000376232
'stlo','copd',1995,148,0.000425057
'stlo','copd',1996,135,0.00038772
'stlo','copd',1997,122,0.000350384
'stlo','copd',1998,126,0.000361872
'stlo','copd',1999,139,0.000399208
'stlo','copd',2000,117,0.000336024
'stoc','copd',1987,165,0.000292762
'stoc','copd',1988,160,0.00028389
'stoc','copd',1989,205,0.000363734
'stoc','copd',1990,178,0.000315828
'stoc','copd',1991,161,0.000285665
'stoc','copd',1992,152,0.000269696
'stoc','copd',1993,185,0.000328248
'stoc','copd',1994,177,0.000314054
'stoc','copd',1995,173,0.000306956
'stoc','copd',1996,216,0.000383252
'stoc','copd',1997,200,0.000354863
'stoc','copd',1998,244,0.000432933
'stoc','copd',1999,255,0.00045245
'stoc','copd',2000,248,0.00044003
'stpe','copd',1987,469,0.000508963
'stpe','copd',1988,493,0.000535008
'stpe','copd',1989,471,0.000511133
'stpe','copd',1990,496,0.000538263
'stpe','copd',1991,538,0.000583842
'stpe','copd',1992,533,0.000578416
'stpe','copd',1993,645,0.000699959
'stpe','copd',1994,559,0.000606631
'stpe','copd',1995,573,0.000621824
'stpe','copd',1996,565,0.000613143
'stpe','copd',1997,656,0.000711897
'stpe','copd',1998,674,0.00073143
'stpe','copd',1999,711,0.000771583
'stpe','copd',2000,656,0.000711897
'syra','copd',1987,138,0.00030374
'syra','copd',1988,161,0.000354363
'syra','copd',1989,152,0.000334554
'syra','copd',1990,156,0.000343358
'syra','copd',1991,158,0.00034776
'syra','copd',1992,177,0.00038958
'syra','copd',1993,172,0.000378574
'syra','copd',1994,199,0.000438002
'syra','copd',1995,183,0.000402786
'syra','copd',1996,198,0.000435801
'syra','copd',1997,233,0.000512836
'syra','copd',1998,209,0.000460012
'syra','copd',1999,244,0.000537047
'syra','copd',2000,238,0.000523841
'taco','copd',1987,215,0.000306783
'taco','copd',1988,255,0.000363859
'taco','copd',1989,230,0.000328187
'taco','copd',1990,230,0.000328187
'taco','copd',1991,247,0.000352444
'taco','copd',1992,251,0.000358152
'taco','copd',1993,266,0.000379555
'taco','copd',1994,246,0.000351017
'taco','copd',1995,265,0.000378128
'taco','copd',1996,281,0.000400959
'taco','copd',1997,267,0.000380982
'taco','copd',1998,265,0.000378128
'taco','copd',1999,299,0.000426643
'taco','copd',2000,330,0.000470877
'tamp','copd',1987,299,0.000299315
'tamp','copd',1988,323,0.00032334
'tamp','copd',1989,311,0.000311328
'tamp','copd',1990,348,0.000348366
'tamp','copd',1991,335,0.000335353
'tamp','copd',1992,377,0.000377397
'tamp','copd',1993,392,0.000392413
'tamp','copd',1994,413,0.000413435
'tamp','copd',1995,425,0.000425448
'tamp','copd',1996,422,0.000422444
'tamp','copd',1997,405,0.000405427
'tamp','copd',1998,444,0.000444468
'tamp','copd',1999,518,0.000518546
'tamp','copd',2000,463,0.000463488
'tole','copd',1987,183,0.00040215
'tole','copd',1988,217,0.000476866
'tole','copd',1989,202,0.000443903
'tole','copd',1990,175,0.00038457
'tole','copd',1991,211,0.000463681
'tole','copd',1992,213,0.000468076
'tole','copd',1993,235,0.000516422
'tole','copd',1994,218,0.000479064
'tole','copd',1995,196,0.000430718
'tole','copd',1996,215,0.000472471
'tole','copd',1997,199,0.000437311
'tole','copd',1998,222,0.000487854
'tole','copd',1999,254,0.000558176
'tole','copd',2000,239,0.000525212
'tope','copd',1987,64,0.000376756
'tope','copd',1988,73,0.000429738
'tope','copd',1989,67,0.000394417
'tope','copd',1990,60,0.000353209
'tope','copd',1991,82,0.000482719
'tope','copd',1992,73,0.000429738
'tope','copd',1993,97,0.000571022
'tope','copd',1994,100,0.000588682
'tope','copd',1995,105,0.000618116
'tope','copd',1996,87,0.000512153
'tope','copd',1997,93,0.000547474
'tope','copd',1998,78,0.000459172
'tope','copd',1999,129,0.0007594
'tope','copd',2000,123,0.000724079
'tucs','copd',1987,262,0.00031052
'tucs','copd',1988,310,0.000367409
'tucs','copd',1989,305,0.000361483
'tucs','copd',1990,347,0.000411261
'tucs','copd',1991,343,0.00040652
'tucs','copd',1992,315,0.000373335
'tucs','copd',1993,378,0.000448002
'tucs','copd',1994,371,0.000439706
'tucs','copd',1995,355,0.000420743
'tucs','copd',1996,411,0.000487113
'tucs','copd',1997,480,0.000568892
'tucs','copd',1998,418,0.00049541
'tucs','copd',1999,448,0.000530965
'tucs','copd',2000,466,0.000552299
'tuls','copd',1987,146,0.000259187
'tuls','copd',1988,170,0.000301794
'tuls','copd',1989,174,0.000308895
'tuls','copd',1990,187,0.000331973
'tuls','copd',1991,191,0.000339074
'tuls','copd',1992,204,0.000362152
'tuls','copd',1993,212,0.000376354
'tuls','copd',1994,215,0.00038168
'tuls','copd',1995,228,0.000404758
'tuls','copd',1996,217,0.000385231
'tuls','copd',1997,226,0.000401208
'tuls','copd',1998,246,0.000436713
'tuls','copd',1999,244,0.000433162
'tuls','copd',2000,270,0.000479319
'wich','copd',1987,126,0.000278226
'wich','copd',1988,132,0.000291475
'wich','copd',1989,122,0.000269394
'wich','copd',1990,131,0.000289267
'wich','copd',1991,143,0.000315765
'wich','copd',1992,165,0.000364344
'wich','copd',1993,163,0.000359927
'wich','copd',1994,149,0.000329013
'wich','copd',1995,160,0.000353303
'wich','copd',1996,186,0.000410715
'wich','copd',1997,191,0.000421756
'wich','copd',1998,189,0.000417339
'wich','copd',1999,210,0.00046371
'wich','copd',2000,228,0.000503457
'wor','copd',1987,196,0.000260998
'wor','copd',1988,212,0.000282304
'wor','copd',1989,213,0.000283636
'wor','copd',1990,210,0.000279641
'wor','copd',1991,236,0.000314263
'wor','copd',1992,251,0.000334238
'wor','copd',1993,286,0.000380844
'wor','copd',1994,265,0.00035288
'wor','copd',1995,255,0.000339564
'wor','copd',1996,286,0.000380844
'wor','copd',1997,253,0.000336901
'wor','copd',1998,304,0.000404814
'wor','copd',1999,347,0.000462073
'wor','copd',2000,336,0.000447426
