'akr','cvd',1987,1881,0.003464733
'akr','cvd',1988,1809,0.003332111
'akr','cvd',1989,1729,0.003184754
'akr','cvd',1990,1789,0.003295272
'akr','cvd',1991,1802,0.003319218
'akr','cvd',1992,1806,0.003326586
'akr','cvd',1993,1752,0.00322712
'akr','cvd',1994,1631,0.003004242
'akr','cvd',1995,1705,0.003140547
'akr','cvd',1996,1799,0.003313692
'akr','cvd',1997,1865,0.003435261
'akr','cvd',1998,1745,0.003214226
'akr','cvd',1999,1828,0.003367109
'akr','cvd',2000,1774,0.003267643
'albu','cvd',1987,1285,0.002308336
'albu','cvd',1988,1340,0.002407137
'albu','cvd',1989,1451,0.002606534
'albu','cvd',1990,1377,0.002473602
'albu','cvd',1991,1339,0.00240534
'albu','cvd',1992,1374,0.002468213
'albu','cvd',1993,1350,0.0024251
'albu','cvd',1994,1465,0.002631683
'albu','cvd',1995,1450,0.002604737
'albu','cvd',1996,1495,0.002685574
'albu','cvd',1997,1552,0.002787967
'albu','cvd',1998,1408,0.00252929
'albu','cvd',1999,1520,0.002730483
'albu','cvd',2000,1434,0.002575995
'anch','cvd',1987,194,0.000745343
'anch','cvd',1988,178,0.000683871
'anch','cvd',1989,193,0.000741501
'anch','cvd',1990,201,0.000772236
'anch','cvd',1991,177,0.000680029
'anch','cvd',1992,220,0.000845234
'anch','cvd',1993,217,0.000833708
'anch','cvd',1994,250,0.000960493
'anch','cvd',1995,254,0.000975861
'anch','cvd',1996,243,0.000933599
'anch','cvd',1997,237,0.000910547
'anch','cvd',1998,286,0.001098804
'anch','cvd',1999,305,0.001171801
'anch','cvd',2000,294,0.00112954
'arlv','cvd',1987,375,0.001979383
'arlv','cvd',1988,352,0.001857981
'arlv','cvd',1989,376,0.001984661
'arlv','cvd',1990,351,0.001852702
'arlv','cvd',1991,312,0.001646846
'arlv','cvd',1992,287,0.001514888
'arlv','cvd',1993,344,0.001815754
'arlv','cvd',1994,323,0.001704908
'arlv','cvd',1995,357,0.001884372
'arlv','cvd',1996,310,0.00163629
'arlv','cvd',1997,332,0.001752414
'arlv','cvd',1998,355,0.001873816
'arlv','cvd',1999,304,0.00160462
'arlv','cvd',2000,292,0.001541279
'atla','cvd',1987,3332,0.002248509
'atla','cvd',1988,3484,0.002351082
'atla','cvd',1989,3318,0.002239061
'atla','cvd',1990,3137,0.002116918
'atla','cvd',1991,3181,0.002146611
'atla','cvd',1992,3075,0.002075079
'atla','cvd',1993,3303,0.002228939
'atla','cvd',1994,3169,0.002138513
'atla','cvd',1995,3260,0.002199922
'atla','cvd',1996,3290,0.002220166
'atla','cvd',1997,3230,0.002179677
'atla','cvd',1998,3220,0.002172929
'atla','cvd',1999,3060,0.002064957
'atla','cvd',2000,3126,0.002109495
'aust','cvd',1987,1102,0.001356675
'aust','cvd',1988,1134,0.00139607
'aust','cvd',1989,1092,0.001344364
'aust','cvd',1990,1117,0.001375142
'aust','cvd',1991,1114,0.001371448
'aust','cvd',1992,1132,0.001393608
'aust','cvd',1993,1186,0.001460088
'aust','cvd',1994,1160,0.001428079
'aust','cvd',1995,1212,0.001492096
'aust','cvd',1996,1219,0.001500714
'aust','cvd',1997,1286,0.001583198
'aust','cvd',1998,1307,0.001609051
'aust','cvd',1999,1313,0.001616438
'aust','cvd',2000,1359,0.001673068
'bake','cvd',1987,1564,0.002363805
'bake','cvd',1988,1538,0.002324509
'bake','cvd',1989,1604,0.002424261
'bake','cvd',1990,1592,0.002406124
'bake','cvd',1991,1597,0.002413681
'bake','cvd',1992,1599,0.002416704
'bake','cvd',1993,1710,0.002584468
'bake','cvd',1994,1518,0.002294282
'bake','cvd',1995,1742,0.002632832
'bake','cvd',1996,1717,0.002595047
'bake','cvd',1997,1698,0.002566331
'bake','cvd',1998,1857,0.002806641
'bake','cvd',1999,1915,0.002894301
'bake','cvd',2000,1877,0.002836869
'balt','cvd',1987,3469,0.005461668
'balt','cvd',1988,3395,0.00534516
'balt','cvd',1989,3060,0.004817729
'balt','cvd',1990,2992,0.004710669
'balt','cvd',1991,2836,0.004465059
'balt','cvd',1992,2841,0.004472931
'balt','cvd',1993,2903,0.004570545
'balt','cvd',1994,2843,0.00447608
'balt','cvd',1995,2789,0.004391061
'balt','cvd',1996,2733,0.004302893
'balt','cvd',1997,2578,0.004058858
'balt','cvd',1998,2554,0.004021072
'balt','cvd',1999,2614,0.004115537
'balt','cvd',2000,2487,0.003915586
'batr','cvd',1987,1365,0.00330627
'batr','cvd',1988,1373,0.003325647
'batr','cvd',1989,1287,0.00311734
'batr','cvd',1990,1327,0.003214227
'batr','cvd',1991,1312,0.003177894
'batr','cvd',1992,1329,0.003219071
'batr','cvd',1993,1321,0.003199694
'batr','cvd',1994,1320,0.003197272
'batr','cvd',1995,1360,0.003294159
'batr','cvd',1996,1307,0.003165783
'batr','cvd',1997,1385,0.003354713
'batr','cvd',1998,1410,0.003415267
'batr','cvd',1999,1528,0.003701084
'batr','cvd',2000,1426,0.003454022
'bidd','cvd',1987,2000,0.010709963
'bidd','cvd',1988,1968,0.010538604
'bidd','cvd',1989,1996,0.010688544
'bidd','cvd',1990,1967,0.010533249
'bidd','cvd',1991,2007,0.010747448
'bidd','cvd',1992,1986,0.010634994
'bidd','cvd',1993,1910,0.010228015
'bidd','cvd',1994,1881,0.010072721
'bidd','cvd',1995,1889,0.010115561
'bidd','cvd',1996,1919,0.01027621
'bidd','cvd',1997,1860,0.009960266
'bidd','cvd',1998,1798,0.009628257
'bidd','cvd',1999,1837,0.009837101
'bidd','cvd',2000,1817,0.009730002
'birm','cvd',1987,2882,0.004353165
'birm','cvd',1988,2855,0.004312383
'birm','cvd',1989,2602,0.003930235
'birm','cvd',1990,2582,0.003900025
'birm','cvd',1991,2544,0.003842627
'birm','cvd',1992,2555,0.003859243
'birm','cvd',1993,2575,0.003889452
'birm','cvd',1994,2446,0.003694602
'birm','cvd',1995,2560,0.003866795
'birm','cvd',1996,2506,0.00378523
'birm','cvd',1997,2630,0.003972528
'birm','cvd',1998,2504,0.003782209
'birm','cvd',1999,2478,0.003742937
'birm','cvd',2000,2475,0.003738405
'bost','cvd',1987,2327,0.003373407
'bost','cvd',1988,2296,0.003328467
'bost','cvd',1989,1979,0.002868918
'bost','cvd',1990,2006,0.00290806
'bost','cvd',1991,1796,0.002603627
'bost','cvd',1992,1921,0.002784837
'bost','cvd',1993,1926,0.002792085
'bost','cvd',1994,1709,0.002477505
'bost','cvd',1995,1745,0.002529693
'bost','cvd',1996,1671,0.002422417
'bost','cvd',1997,1668,0.002418068
'bost','cvd',1998,1654,0.002397772
'bost','cvd',1999,1671,0.002422417
'bost','cvd',2000,1589,0.002303543
'buff','cvd',1987,4935,0.005193288
'buff','cvd',1988,4966,0.005225911
'buff','cvd',1989,4764,0.005013338
'buff','cvd',1990,4702,0.004948093
'buff','cvd',1991,4711,0.004957564
'buff','cvd',1992,4578,0.004817604
'buff','cvd',1993,4729,0.004976507
'buff','cvd',1994,4395,0.004625026
'buff','cvd',1995,4352,0.004579775
'buff','cvd',1996,4229,0.004450338
'buff','cvd',1997,4237,0.004458756
'buff','cvd',1998,4055,0.004267231
'buff','cvd',1999,4058,0.004270388
'buff','cvd',2000,3970,0.004177782
'cayc','cvd',1987,343,0.00158786
'cayc','cvd',1988,338,0.001564713
'cayc','cvd',1989,335,0.001550825
'cayc','cvd',1990,332,0.001536937
'cayc','cvd',1991,361,0.001671188
'cayc','cvd',1992,321,0.001486015
'cayc','cvd',1993,366,0.001694335
'cayc','cvd',1994,390,0.001805439
'cayc','cvd',1995,458,0.002120233
'cayc','cvd',1996,425,0.001967465
'cayc','cvd',1997,456,0.002110974
'cayc','cvd',1998,457,0.002115604
'cayc','cvd',1999,444,0.002055422
'cayc','cvd',2000,478,0.00221282
'cdrp','cvd',1987,1394,0.007271741
'cdrp','cvd',1988,1389,0.007245659
'cdrp','cvd',1989,1327,0.006922238
'cdrp','cvd',1990,1397,0.00728739
'cdrp','cvd',1991,1375,0.007172628
'cdrp','cvd',1992,1378,0.007188278
'cdrp','cvd',1993,1351,0.007047433
'cdrp','cvd',1994,1328,0.006927455
'cdrp','cvd',1995,1326,0.006917022
'cdrp','cvd',1996,1353,0.007057866
'cdrp','cvd',1997,1338,0.006979619
'cdrp','cvd',1998,1338,0.006979619
'cdrp','cvd',1999,1285,0.006703147
'cdrp','cvd',2000,1299,0.006776177
'char','cvd',1987,1453,0.002089283
'char','cvd',1988,1394,0.002004446
'char','cvd',1989,1380,0.001984315
'char','cvd',1990,1347,0.001936864
'char','cvd',1991,1435,0.0020634
'char','cvd',1992,1455,0.002092159
'char','cvd',1993,1420,0.002041832
'char','cvd',1994,1471,0.002115165
'char','cvd',1995,1518,0.002182747
'char','cvd',1996,1523,0.002189936
'char','cvd',1997,1494,0.002148237
'char','cvd',1998,1469,0.002112289
'char','cvd',1999,1506,0.002165492
'char','cvd',2000,1549,0.002227322
'chic','cvd',1987,20886,0.003884509
'chic','cvd',1988,21270,0.003955928
'chic','cvd',1989,19322,0.003593627
'chic','cvd',1990,18526,0.003445582
'chic','cvd',1991,18866,0.003508817
'chic','cvd',1992,18187,0.003382532
'chic','cvd',1993,18805,0.003497472
'chic','cvd',1994,18645,0.003467714
'chic','cvd',1995,19397,0.003607576
'chic','cvd',1996,18012,0.003349985
'chic','cvd',1997,17118,0.003183713
'chic','cvd',1998,17004,0.003162511
'chic','cvd',1999,17646,0.003281914
'chic','cvd',2000,16630,0.003092952
'cinc','cvd',1987,3506,0.004132957
'cinc','cvd',1988,3676,0.004333357
'cinc','cvd',1989,3345,0.003943167
'cinc','cvd',1990,3281,0.003867722
'cinc','cvd',1991,3196,0.003767522
'cinc','cvd',1992,3200,0.003772237
'cinc','cvd',1993,3292,0.003880689
'cinc','cvd',1994,3310,0.003901908
'cinc','cvd',1995,3282,0.003868901
'cinc','cvd',1996,3120,0.003677931
'cinc','cvd',1997,3065,0.003613096
'cinc','cvd',1998,2906,0.003425663
'cinc','cvd',1999,2992,0.003527042
'cinc','cvd',2000,2923,0.003445703
'clev','cvd',1987,6791,0.004871669
'clev','cvd',1988,6850,0.004913994
'clev','cvd',1989,6427,0.004610546
'clev','cvd',1990,6254,0.004486441
'clev','cvd',1991,6297,0.004517288
'clev','cvd',1992,6084,0.004364488
'clev','cvd',1993,6275,0.004501506
'clev','cvd',1994,6304,0.00452231
'clev','cvd',1995,6358,0.004561048
'clev','cvd',1996,6092,0.004370227
'clev','cvd',1997,6060,0.004347271
'clev','cvd',1998,6063,0.004349423
'clev','cvd',1999,5966,0.004279838
'clev','cvd',2000,6138,0.004403226
'clmg','cvd',1987,1247,0.006693828
'clmg','cvd',1988,1219,0.006543526
'clmg','cvd',1989,1251,0.0067153
'clmg','cvd',1990,1291,0.006930018
'clmg','cvd',1991,1234,0.006624045
'clmg','cvd',1992,1213,0.006511318
'clmg','cvd',1993,1217,0.00653279
'clmg','cvd',1994,1209,0.006489847
'clmg','cvd',1995,1197,0.006425431
'clmg','cvd',1996,1227,0.00658647
'clmg','cvd',1997,1253,0.006726036
'clmg','cvd',1998,1154,0.00619461
'clmg','cvd',1999,1220,0.006548894
'clmg','cvd',2000,1225,0.006575734
'clmo','cvd',1987,2972,0.002780226
'clmo','cvd',1988,2859,0.002674517
'clmo','cvd',1989,2663,0.002491164
'clmo','cvd',1990,2650,0.002479003
'clmo','cvd',1991,2711,0.002536067
'clmo','cvd',1992,2705,0.002530454
'clmo','cvd',1993,2655,0.002483681
'clmo','cvd',1994,2816,0.002634292
'clmo','cvd',1995,2757,0.002579099
'clmo','cvd',1996,2912,0.002724097
'clmo','cvd',1997,2847,0.002663291
'clmo','cvd',1998,2811,0.002629614
'clmo','cvd',1999,2921,0.002732516
'clmo','cvd',2000,2768,0.002589389
'colo','cvd',1987,754,0.001458614
'colo','cvd',1988,756,0.001462483
'colo','cvd',1989,753,0.00145668
'colo','cvd',1990,698,0.001350282
'colo','cvd',1991,765,0.001479894
'colo','cvd',1992,760,0.001470221
'colo','cvd',1993,779,0.001506977
'colo','cvd',1994,787,0.001522453
'colo','cvd',1995,771,0.001491501
'colo','cvd',1996,868,0.001679147
'colo','cvd',1997,904,0.001748789
'colo','cvd',1998,842,0.00162885
'colo','cvd',1999,881,0.001704296
'colo','cvd',2000,953,0.00184358
'corp','cvd',1987,759,0.002419933
'corp','cvd',1988,789,0.002515583
'corp','cvd',1989,761,0.00242631
'corp','cvd',1990,714,0.002276459
'corp','cvd',1991,738,0.002352979
'corp','cvd',1992,774,0.002467758
'corp','cvd',1993,806,0.002569784
'corp','cvd',1994,810,0.002582538
'corp','cvd',1995,829,0.002643116
'corp','cvd',1996,887,0.002828038
'corp','cvd',1997,846,0.002697317
'corp','cvd',1998,826,0.002633551
'corp','cvd',1999,805,0.002566596
'corp','cvd',2000,825,0.002630362
'covt','cvd',1987,1423,0.008516368
'covt','cvd',1988,1419,0.008492429
'covt','cvd',1989,1491,0.008923335
'covt','cvd',1990,1355,0.008109402
'covt','cvd',1991,1359,0.008133341
'covt','cvd',1992,1397,0.008360764
'covt','cvd',1993,1363,0.008157281
'covt','cvd',1994,1424,0.008522353
'covt','cvd',1995,1430,0.008558262
'covt','cvd',1996,1408,0.008426596
'covt','cvd',1997,1425,0.008528338
'covt','cvd',1998,1442,0.00863008
'covt','cvd',1999,1422,0.008510384
'covt','cvd',2000,1408,0.008426596
'dayt','cvd',1987,2187,0.00391191
'dayt','cvd',1988,2187,0.00391191
'dayt','cvd',1989,1998,0.003573843
'dayt','cvd',1990,1931,0.003454
'dayt','cvd',1991,2069,0.003700842
'dayt','cvd',1992,1985,0.00355059
'dayt','cvd',1993,2142,0.003831418
'dayt','cvd',1994,1995,0.003568477
'dayt','cvd',1995,2030,0.003631082
'dayt','cvd',1996,1984,0.003548801
'dayt','cvd',1997,2018,0.003609618
'dayt','cvd',1998,2014,0.003602463
'dayt','cvd',1999,1948,0.003484408
'dayt','cvd',2000,1962,0.00350945
'dc','cvd',1987,2445,0.004274035
'dc','cvd',1988,2431,0.004249562
'dc','cvd',1989,2309,0.004036297
'dc','cvd',1990,2168,0.003789819
'dc','cvd',1991,2137,0.003735629
'dc','cvd',1992,2082,0.003639485
'dc','cvd',1993,2078,0.003632492
'dc','cvd',1994,2051,0.003585295
'dc','cvd',1995,1941,0.003393007
'dc','cvd',1996,1901,0.003323084
'dc','cvd',1997,1879,0.003284626
'dc','cvd',1998,1853,0.003239176
'dc','cvd',1999,1849,0.003232184
'dc','cvd',2000,1901,0.003323084
'denv','cvd',1987,2763,0.001964507
'denv','cvd',1988,2677,0.00190336
'denv','cvd',1989,2655,0.001887718
'denv','cvd',1990,2703,0.001921846
'denv','cvd',1991,2690,0.001912603
'denv','cvd',1992,2759,0.001961663
'denv','cvd',1993,2763,0.001964507
'denv','cvd',1994,2848,0.002024942
'denv','cvd',1995,2887,0.002052671
'denv','cvd',1996,2857,0.002031341
'denv','cvd',1997,2882,0.002049116
'denv','cvd',1998,2994,0.002128749
'denv','cvd',1999,2897,0.002059781
'denv','cvd',2000,2786,0.00198086
'desm','cvd',1987,1378,0.003678581
'desm','cvd',1988,1362,0.003635869
'desm','cvd',1989,1383,0.003691928
'desm','cvd',1990,1376,0.003673242
'desm','cvd',1991,1353,0.003611843
'desm','cvd',1992,1315,0.003510402
'desm','cvd',1993,1391,0.003713284
'desm','cvd',1994,1388,0.003705276
'desm','cvd',1995,1429,0.003814726
'desm','cvd',1996,1376,0.003673242
'desm','cvd',1997,1397,0.003729301
'desm','cvd',1998,1315,0.003510402
'desm','cvd',1999,1325,0.003537097
'desm','cvd',2000,1348,0.003598495
'det','cvd',1987,9516,0.004616813
'det','cvd',1988,9233,0.004479512
'det','cvd',1989,8526,0.004136502
'det','cvd',1990,8086,0.00392303
'det','cvd',1991,7930,0.003847344
'det','cvd',1992,7720,0.00374546
'det','cvd',1993,8173,0.003965239
'det','cvd',1994,8034,0.003897801
'det','cvd',1995,8136,0.003947288
'det','cvd',1996,7794,0.003781362
'det','cvd',1997,7598,0.00368627
'det','cvd',1998,7440,0.003609614
'det','cvd',1999,7316,0.003549454
'det','cvd',2000,7318,0.003550424
'dlft','cvd',1987,8313,0.001979346
'dlft','cvd',1988,8393,0.001998394
'dlft','cvd',1989,8546,0.002034823
'dlft','cvd',1990,8150,0.001940535
'dlft','cvd',1991,8186,0.001949107
'dlft','cvd',1992,8320,0.001981012
'dlft','cvd',1993,8742,0.002081492
'dlft','cvd',1994,8714,0.002074825
'dlft','cvd',1995,8692,0.002069586
'dlft','cvd',1996,8954,0.002131969
'dlft','cvd',1997,9109,0.002168875
'dlft','cvd',1998,8913,0.002122207
'dlft','cvd',1999,9080,0.00216197
'dlft','cvd',2000,9301,0.002214591
'elpa','cvd',1987,1243,0.001828958
'elpa','cvd',1988,1269,0.001867214
'elpa','cvd',1989,1254,0.001845143
'elpa','cvd',1990,1255,0.001846615
'elpa','cvd',1991,1246,0.001833372
'elpa','cvd',1992,1227,0.001805415
'elpa','cvd',1993,1265,0.001861329
'elpa','cvd',1994,1250,0.001839258
'elpa','cvd',1995,1287,0.0018937
'elpa','cvd',1996,1313,0.001931956
'elpa','cvd',1997,1322,0.001945199
'elpa','cvd',1998,1330,0.00195697
'elpa','cvd',1999,1353,0.001990813
'elpa','cvd',2000,1399,0.002058497
'evan','cvd',1987,1051,0.006113237
'evan','cvd',1988,1075,0.006252836
'evan','cvd',1989,1074,0.006247019
'evan','cvd',1990,1016,0.005909657
'evan','cvd',1991,1011,0.005880574
'evan','cvd',1992,1002,0.005828224
'evan','cvd',1993,1035,0.006020172
'evan','cvd',1994,1038,0.006037622
'evan','cvd',1995,1011,0.005880574
'evan','cvd',1996,1074,0.006247019
'evan','cvd',1997,1040,0.006049255
'evan','cvd',1998,1077,0.006264469
'evan','cvd',1999,1012,0.00588639
'evan','cvd',2000,981,0.005706076
'fres','cvd',1987,1898,0.00237426
'fres','cvd',1988,1890,0.002364253
'fres','cvd',1989,1830,0.002289197
'fres','cvd',1990,1844,0.00230671
'fres','cvd',1991,1836,0.002296702
'fres','cvd',1992,1835,0.002295452
'fres','cvd',1993,1943,0.002430552
'fres','cvd',1994,1993,0.002493098
'fres','cvd',1995,2011,0.002515615
'fres','cvd',1996,2042,0.002554393
'fres','cvd',1997,1944,0.002431803
'fres','cvd',1998,2062,0.002579412
'fres','cvd',1999,2125,0.00265822
'fres','cvd',2000,2074,0.002594423
'ftwa','cvd',1987,1138,0.003429271
'ftwa','cvd',1988,1094,0.00329668
'ftwa','cvd',1989,1066,0.003212304
'ftwa','cvd',1990,1059,0.00319121
'ftwa','cvd',1991,1047,0.003155049
'ftwa','cvd',1992,1069,0.003221345
'ftwa','cvd',1993,1071,0.003227371
'ftwa','cvd',1994,954,0.002874801
'ftwa','cvd',1995,985,0.002968217
'ftwa','cvd',1996,966,0.002910963
'ftwa','cvd',1997,958,0.002886855
'ftwa','cvd',1998,959,0.002889869
'ftwa','cvd',1999,958,0.002886855
'ftwa','cvd',2000,941,0.002835627
'gdrp','cvd',1987,1833,0.003191517
'gdrp','cvd',1988,1776,0.003092272
'gdrp','cvd',1989,1664,0.002897264
'gdrp','cvd',1990,1651,0.002874629
'gdrp','cvd',1991,1620,0.002820653
'gdrp','cvd',1992,1513,0.002634351
'gdrp','cvd',1993,1595,0.002777125
'gdrp','cvd',1994,1694,0.002949498
'gdrp','cvd',1995,1676,0.002918158
'gdrp','cvd',1996,1751,0.003048743
'gdrp','cvd',1997,1670,0.002907711
'gdrp','cvd',1998,1715,0.002986062
'gdrp','cvd',1999,1648,0.002869405
'gdrp','cvd',2000,1606,0.002796277
'grnb','cvd',1987,1331,0.00316116
'grnb','cvd',1988,1297,0.003080409
'grnb','cvd',1989,1253,0.002975908
'grnb','cvd',1990,1290,0.003063784
'grnb','cvd',1991,1343,0.00318966
'grnb','cvd',1992,1307,0.003104159
'grnb','cvd',1993,1279,0.003037658
'grnb','cvd',1994,1344,0.003192035
'grnb','cvd',1995,1285,0.003051909
'grnb','cvd',1996,1325,0.00314691
'grnb','cvd',1997,1261,0.002994908
'grnb','cvd',1998,1225,0.002909407
'grnb','cvd',1999,1373,0.003260911
'grnb','cvd',2000,1347,0.00319916
'hono','cvd',1987,1907,0.002176553
'hono','cvd',1988,1706,0.001947142
'hono','cvd',1989,1878,0.002143454
'hono','cvd',1990,1973,0.002251882
'hono','cvd',1991,1995,0.002276992
'hono','cvd',1992,2043,0.002331777
'hono','cvd',1993,2138,0.002440205
'hono','cvd',1994,2194,0.00250412
'hono','cvd',1995,2236,0.002552057
'hono','cvd',1996,2304,0.002629669
'hono','cvd',1997,2247,0.002564612
'hono','cvd',1998,2290,0.00261369
'hono','cvd',1999,2321,0.002649072
'hono','cvd',2000,2374,0.002709563
'hous','cvd',1987,6109,0.001796459
'hous','cvd',1988,6288,0.001849097
'hous','cvd',1989,6233,0.001832924
'hous','cvd',1990,6140,0.001805575
'hous','cvd',1991,6282,0.001847333
'hous','cvd',1992,6224,0.001830277
'hous','cvd',1993,6433,0.001891737
'hous','cvd',1994,6588,0.001937318
'hous','cvd',1995,6719,0.001975841
'hous','cvd',1996,6792,0.001997308
'hous','cvd',1997,6921,0.002035242
'hous','cvd',1998,6885,0.002024656
'hous','cvd',1999,6858,0.002016716
'hous','cvd',2000,6961,0.002047005
'hunt','cvd',1987,613,0.002215396
'hunt','cvd',1988,672,0.002428623
'hunt','cvd',1989,747,0.002699675
'hunt','cvd',1990,655,0.002367185
'hunt','cvd',1991,708,0.002558728
'hunt','cvd',1992,707,0.002555114
'hunt','cvd',1993,697,0.002518974
'hunt','cvd',1994,714,0.002580412
'hunt','cvd',1995,728,0.002631008
'hunt','cvd',1996,706,0.0025515
'hunt','cvd',1997,779,0.002815323
'hunt','cvd',1998,774,0.002797253
'hunt','cvd',1999,739,0.002670763
'hunt','cvd',2000,744,0.002688833
'indi','cvd',1987,2752,0.003198312
'indi','cvd',1988,2704,0.003142527
'indi','cvd',1989,2713,0.003152987
'indi','cvd',1990,2634,0.003061175
'indi','cvd',1991,2657,0.003087905
'indi','cvd',1992,2622,0.003047229
'indi','cvd',1993,2748,0.003193663
'indi','cvd',1994,2846,0.003307556
'indi','cvd',1995,2778,0.003228528
'indi','cvd',1996,2789,0.003241312
'indi','cvd',1997,2682,0.003116959
'indi','cvd',1998,2656,0.003086743
'indi','cvd',1999,2773,0.003222717
'indi','cvd',2000,2588,0.003007715
'jcks','cvd',1987,1118,0.004457735
'jcks','cvd',1988,1156,0.00460925
'jcks','cvd',1989,1177,0.004692982
'jcks','cvd',1990,1103,0.004397927
'jcks','cvd',1991,1075,0.004286284
'jcks','cvd',1992,1093,0.004358054
'jcks','cvd',1993,1145,0.004565391
'jcks','cvd',1994,1097,0.004374003
'jcks','cvd',1995,1091,0.00435008
'jcks','cvd',1996,1056,0.004210526
'jcks','cvd',1997,1091,0.00435008
'jcks','cvd',1998,1087,0.004334131
'jcks','cvd',1999,1100,0.004385965
'jcks','cvd',2000,1092,0.004354067
'jckv','cvd',1987,2323,0.002982492
'jckv','cvd',1988,2239,0.002874644
'jckv','cvd',1989,2146,0.002755242
'jckv','cvd',1990,2136,0.002742403
'jckv','cvd',1991,2152,0.002762945
'jckv','cvd',1992,2131,0.002735983
'jckv','cvd',1993,2235,0.002869509
'jckv','cvd',1994,2334,0.002996614
'jckv','cvd',1995,2380,0.003055674
'jckv','cvd',1996,2311,0.002967085
'jckv','cvd',1997,2341,0.003005602
'jckv','cvd',1998,2358,0.003027428
'jckv','cvd',1999,2312,0.002968369
'jckv','cvd',2000,2278,0.002924716
'jers','cvd',1987,2179,0.003578144
'jers','cvd',1988,2241,0.003679954
'jers','cvd',1989,1867,0.003065807
'jers','cvd',1990,1813,0.002977134
'jers','cvd',1991,1764,0.002896671
'jers','cvd',1992,1771,0.002908165
'jers','cvd',1993,1723,0.002829344
'jers','cvd',1994,1647,0.002704545
'jers','cvd',1995,1730,0.002840839
'jers','cvd',1996,1613,0.002648713
'jers','cvd',1997,1603,0.002632292
'jers','cvd',1998,1566,0.002571534
'jers','cvd',1999,1697,0.00278665
'jers','cvd',2000,1669,0.002740671
'john','cvd',1987,1163,0.007621332
'john','cvd',1988,1097,0.007188823
'john','cvd',1989,1039,0.006808739
'john','cvd',1990,1066,0.006985675
'john','cvd',1991,1091,0.007149504
'john','cvd',1992,1106,0.007247801
'john','cvd',1993,1099,0.007201929
'john','cvd',1994,1088,0.007129844
'john','cvd',1995,1079,0.007070866
'john','cvd',1996,1099,0.007201929
'john','cvd',1997,1091,0.007149504
'john','cvd',1998,1049,0.006874271
'john','cvd',1999,1078,0.007064313
'john','cvd',2000,1063,0.006966015
'kan','cvd',1987,3002,0.003289261
'kan','cvd',1988,3078,0.003372533
'kan','cvd',1989,2891,0.003167639
'kan','cvd',1990,2896,0.003173118
'kan','cvd',1991,2968,0.003252008
'kan','cvd',1992,2963,0.003246529
'kan','cvd',1993,3070,0.003363768
'kan','cvd',1994,2876,0.003151204
'kan','cvd',1995,2959,0.003242146
'kan','cvd',1996,2953,0.003235572
'kan','cvd',1997,2989,0.003275017
'kan','cvd',1998,2817,0.003086558
'kan','cvd',1999,2836,0.003107377
'kan','cvd',2000,2791,0.00305807
'kans','cvd',1987,509,0.003223927
'kans','cvd',1988,607,0.003844643
'kans','cvd',1989,548,0.003470947
'kans','cvd',1990,530,0.003356937
'kans','cvd',1991,480,0.003040245
'kans','cvd',1992,514,0.003255596
'kans','cvd',1993,520,0.003293599
'kans','cvd',1994,484,0.003065581
'kans','cvd',1995,549,0.003477281
'kans','cvd',1996,509,0.003223927
'kans','cvd',1997,508,0.003217593
'kans','cvd',1998,409,0.002590542
'kans','cvd',1999,413,0.002615878
'kans','cvd',2000,369,0.002337189
'king','cvd',1987,1392,0.007831268
'king','cvd',1988,1441,0.008106937
'king','cvd',1989,1417,0.007971915
'king','cvd',1990,1394,0.00784252
'king','cvd',1991,1379,0.007758131
'king','cvd',1992,1358,0.007639987
'king','cvd',1993,1372,0.007718749
'king','cvd',1994,1359,0.007645613
'king','cvd',1995,1370,0.007707498
'king','cvd',1996,1306,0.007347439
'king','cvd',1997,1352,0.007606231
'king','cvd',1998,1380,0.007763757
'king','cvd',1999,1313,0.007386821
'king','cvd',2000,1337,0.007521843
'knox','cvd',1987,1109,0.002902898
'knox','cvd',1988,1197,0.003133245
'knox','cvd',1989,1059,0.002772019
'knox','cvd',1990,1105,0.002892428
'knox','cvd',1991,1015,0.002656845
'knox','cvd',1992,1035,0.002709197
'knox','cvd',1993,1019,0.002667316
'knox','cvd',1994,1057,0.002766784
'knox','cvd',1995,1128,0.002952632
'knox','cvd',1996,1215,0.003180362
'knox','cvd',1997,1213,0.003175127
'knox','cvd',1998,1164,0.003046865
'knox','cvd',1999,1166,0.0030521
'knox','cvd',2000,1178,0.003083511
'la','cvd',1987,28569,0.003001154
'la','cvd',1988,28643,0.003008928
'la','cvd',1989,28079,0.00294968
'la','cvd',1990,26340,0.002766999
'la','cvd',1991,25669,0.002696511
'la','cvd',1992,25401,0.002668358
'la','cvd',1993,25497,0.002678443
'la','cvd',1994,25320,0.002659849
'la','cvd',1995,24355,0.002558476
'la','cvd',1996,24161,0.002538097
'la','cvd',1997,24615,0.002585789
'la','cvd',1998,24190,0.002541143
'la','cvd',1999,25278,0.002655437
'la','cvd',2000,24288,0.002551438
'lafy','cvd',1987,370,0.001942227
'lafy','cvd',1988,394,0.002068209
'lafy','cvd',1989,356,0.001868737
'lafy','cvd',1990,409,0.002146948
'lafy','cvd',1991,409,0.002146948
'lafy','cvd',1992,400,0.002099704
'lafy','cvd',1993,433,0.00227293
'lafy','cvd',1994,361,0.001894983
'lafy','cvd',1995,401,0.002104954
'lafy','cvd',1996,415,0.002178443
'lafy','cvd',1997,415,0.002178443
'lafy','cvd',1998,454,0.002383165
'lafy','cvd',1999,501,0.00262988
'lafy','cvd',2000,442,0.002320173
'lasv','cvd',1987,1737,0.00126257
'lasv','cvd',1988,1926,0.001399948
'lasv','cvd',1989,1949,0.001416666
'lasv','cvd',1990,2096,0.001523516
'lasv','cvd',1991,2228,0.001619463
'lasv','cvd',1992,2272,0.001651445
'lasv','cvd',1993,2481,0.00180336
'lasv','cvd',1994,2691,0.001956003
'lasv','cvd',1995,2980,0.002166068
'lasv','cvd',1996,3052,0.002218402
'lasv','cvd',1997,3124,0.002270737
'lasv','cvd',1998,3366,0.002446639
'lasv','cvd',1999,3507,0.002549127
'lasv','cvd',2000,3416,0.002482982
'lex','cvd',1987,611,0.002345381
'lex','cvd',1988,614,0.002356897
'lex','cvd',1989,570,0.002187999
'lex','cvd',1990,566,0.002172645
'lex','cvd',1991,579,0.002222546
'lex','cvd',1992,604,0.002318511
'lex','cvd',1993,629,0.002414476
'lex','cvd',1994,597,0.002291641
'lex','cvd',1995,587,0.002253255
'lex','cvd',1996,629,0.002414476
'lex','cvd',1997,662,0.00254115
'lex','cvd',1998,672,0.002579536
'lex','cvd',1999,711,0.002729241
'lex','cvd',2000,662,0.00254115
'linc','cvd',1987,973,0.003887475
'linc','cvd',1988,964,0.003851517
'linc','cvd',1989,946,0.003779601
'linc','cvd',1990,913,0.003647754
'linc','cvd',1991,990,0.003955396
'linc','cvd',1992,957,0.003823549
'linc','cvd',1993,910,0.003635768
'linc','cvd',1994,889,0.003551866
'linc','cvd',1995,930,0.003715675
'linc','cvd',1996,966,0.003859508
'linc','cvd',1997,999,0.003991354
'linc','cvd',1998,900,0.003595814
'linc','cvd',1999,904,0.003611796
'linc','cvd',2000,877,0.003503921
'lkch','cvd',1987,600,0.003268383
'lkch','cvd',1988,622,0.003388224
'lkch','cvd',1989,642,0.00349717
'lkch','cvd',1990,586,0.003192121
'lkch','cvd',1991,550,0.002996018
'lkch','cvd',1992,559,0.003045044
'lkch','cvd',1993,603,0.003284725
'lkch','cvd',1994,556,0.003028702
'lkch','cvd',1995,536,0.002919756
'lkch','cvd',1996,605,0.00329562
'lkch','cvd',1997,593,0.003230252
'lkch','cvd',1998,589,0.003208463
'lkch','cvd',1999,600,0.003268383
'lkch','cvd',2000,561,0.003055938
'loui','cvd',1987,2846,0.004103206
'loui','cvd',1988,2834,0.004085905
'loui','cvd',1989,2700,0.003892711
'loui','cvd',1990,2615,0.003770163
'loui','cvd',1991,2673,0.003853784
'loui','cvd',1992,2583,0.003724027
'loui','cvd',1993,2631,0.003793231
'loui','cvd',1994,2703,0.003897036
'loui','cvd',1995,2596,0.00374277
'loui','cvd',1996,2703,0.003897036
'loui','cvd',1997,2753,0.003969124
'loui','cvd',1998,2688,0.00387541
'loui','cvd',1999,2637,0.003801881
'loui','cvd',2000,2641,0.003807648
'ltrk','cvd',1987,1182,0.003269945
'ltrk','cvd',1988,1116,0.003087359
'ltrk','cvd',1989,1112,0.003076293
'ltrk','cvd',1990,1072,0.002965635
'ltrk','cvd',1991,1105,0.003056928
'ltrk','cvd',1992,1058,0.002926905
'ltrk','cvd',1993,1174,0.003247813
'ltrk','cvd',1994,1101,0.003045862
'ltrk','cvd',1995,1144,0.00316482
'ltrk','cvd',1996,1145,0.003167586
'ltrk','cvd',1997,1190,0.003292076
'ltrk','cvd',1998,1208,0.003341872
'ltrk','cvd',1999,1116,0.003087359
'ltrk','cvd',2000,1102,0.003048629
'lubb','cvd',1987,1033,0.004257547
'lubb','cvd',1988,1018,0.004195723
'lubb','cvd',1989,1000,0.004121536
'lubb','cvd',1990,1019,0.004199845
'lubb','cvd',1991,972,0.004006133
'lubb','cvd',1992,994,0.004096807
'lubb','cvd',1993,986,0.004063834
'lubb','cvd',1994,936,0.003857758
'lubb','cvd',1995,938,0.003866001
'lubb','cvd',1996,941,0.003878365
'lubb','cvd',1997,975,0.004018497
'lubb','cvd',1998,931,0.00383715
'lubb','cvd',1999,992,0.004088564
'lubb','cvd',2000,986,0.004063834
'madi','cvd',1987,973,0.002281221
'madi','cvd',1988,912,0.002138205
'madi','cvd',1989,860,0.00201629
'madi','cvd',1990,800,0.001875618
'madi','cvd',1991,856,0.002006912
'madi','cvd',1992,864,0.002025668
'madi','cvd',1993,919,0.002154617
'madi','cvd',1994,918,0.002152272
'madi','cvd',1995,934,0.002189784
'madi','cvd',1996,912,0.002138205
'madi','cvd',1997,876,0.002053802
'madi','cvd',1998,896,0.002100693
'madi','cvd',1999,873,0.002046769
'madi','cvd',2000,807,0.00189203
'memp','cvd',1987,3206,0.003572256
'memp','cvd',1988,3141,0.003499831
'memp','cvd',1989,2951,0.003288125
'memp','cvd',1990,3051,0.003399549
'memp','cvd',1991,2917,0.003250241
'memp','cvd',1992,2911,0.003243555
'memp','cvd',1993,3054,0.003402892
'memp','cvd',1994,3194,0.003558885
'memp','cvd',1995,3168,0.003529915
'memp','cvd',1996,3289,0.003664738
'memp','cvd',1997,3182,0.003545515
'memp','cvd',1998,3144,0.003503173
'memp','cvd',1999,3195,0.00356
'memp','cvd',2000,3241,0.003611255
'miam','cvd',1987,7620,0.003381614
'miam','cvd',1988,7755,0.003441524
'miam','cvd',1989,7744,0.003436643
'miam','cvd',1990,7325,0.003250698
'miam','cvd',1991,7170,0.003181912
'miam','cvd',1992,7336,0.00325558
'miam','cvd',1993,7473,0.003316378
'miam','cvd',1994,7178,0.003185462
'miam','cvd',1995,7513,0.003334129
'miam','cvd',1996,7290,0.003235166
'miam','cvd',1997,7260,0.003221853
'miam','cvd',1998,7568,0.003358537
'miam','cvd',1999,7677,0.003406909
'miam','cvd',2000,7483,0.003320816
'milw','cvd',1987,4250,0.004520488
'milw','cvd',1988,4146,0.004409869
'milw','cvd',1989,3930,0.004180122
'milw','cvd',1990,3813,0.004055675
'milw','cvd',1991,3751,0.003989729
'milw','cvd',1992,3598,0.003826992
'milw','cvd',1993,3721,0.00395782
'milw','cvd',1994,3597,0.003825928
'milw','cvd',1995,3709,0.003945056
'milw','cvd',1996,3528,0.003752537
'milw','cvd',1997,3491,0.003713182
'milw','cvd',1998,3244,0.003450462
'milw','cvd',1999,3465,0.003685527
'milw','cvd',2000,3321,0.003532362
'minn','cvd',1987,4650,0.002857608
'minn','cvd',1988,4649,0.002856994
'minn','cvd',1989,4304,0.002644978
'minn','cvd',1990,4139,0.002543579
'minn','cvd',1991,4097,0.002517768
'minn','cvd',1992,3994,0.00245447
'minn','cvd',1993,4163,0.002558327
'minn','cvd',1994,4067,0.002499332
'minn','cvd',1995,4087,0.002511622
'minn','cvd',1996,3931,0.002415754
'minn','cvd',1997,3845,0.002362904
'minn','cvd',1998,3653,0.002244912
'minn','cvd',1999,3581,0.002200666
'minn','cvd',2000,3432,0.002109099
'mobi','cvd',1987,1462,0.003656435
'mobi','cvd',1988,1429,0.003573903
'mobi','cvd',1989,1414,0.003536388
'mobi','cvd',1990,1417,0.003543891
'mobi','cvd',1991,1440,0.003601414
'mobi','cvd',1992,1337,0.003343812
'mobi','cvd',1993,1405,0.003513879
'mobi','cvd',1994,1295,0.003238771
'mobi','cvd',1995,1416,0.00354139
'mobi','cvd',1996,1458,0.003646431
'mobi','cvd',1997,1525,0.003813997
'mobi','cvd',1998,1537,0.003844009
'mobi','cvd',1999,1487,0.00371896
'mobi','cvd',2000,1523,0.003808995
'mode','cvd',1987,1053,0.002355721
'mode','cvd',1988,1004,0.0022461
'mode','cvd',1989,1021,0.002284132
'mode','cvd',1990,950,0.002125294
'mode','cvd',1991,1046,0.00234006
'mode','cvd',1992,1019,0.002279657
'mode','cvd',1993,1078,0.002411649
'mode','cvd',1994,1045,0.002337823
'mode','cvd',1995,1195,0.002673396
'mode','cvd',1996,1158,0.002590621
'mode','cvd',1997,1223,0.002736036
'mode','cvd',1998,1325,0.002964226
'mode','cvd',1999,1313,0.00293738
'mode','cvd',2000,1365,0.003053712
'musk','cvd',1987,1040,0.006110458
'musk','cvd',1988,982,0.005769683
'musk','cvd',1989,987,0.00579906
'musk','cvd',1990,960,0.005640423
'musk','cvd',1991,936,0.005499412
'musk','cvd',1992,972,0.005710928
'musk','cvd',1993,983,0.005775558
'musk','cvd',1994,1004,0.005898942
'musk','cvd',1995,955,0.005611046
'musk','cvd',1996,985,0.005787309
'musk','cvd',1997,929,0.005458284
'musk','cvd',1998,929,0.005458284
'musk','cvd',1999,923,0.005423032
'musk','cvd',2000,948,0.005569918
'nash','cvd',1987,1788,0.003137442
'nash','cvd',1988,1961,0.003441009
'nash','cvd',1989,1824,0.003200612
'nash','cvd',1990,1866,0.00327431
'nash','cvd',1991,1822,0.003197103
'nash','cvd',1992,1733,0.003040932
'nash','cvd',1993,1848,0.003242725
'nash','cvd',1994,1825,0.003202367
'nash','cvd',1995,1836,0.003221669
'nash','cvd',1996,1800,0.003158499
'nash','cvd',1997,1862,0.003267291
'nash','cvd',1998,1760,0.00308831
'nash','cvd',1999,1811,0.003177801
'nash','cvd',2000,1792,0.003144461
'new','cvd',1987,440,0.002442409
'new','cvd',1988,382,0.002120455
'new','cvd',1989,439,0.002436858
'new','cvd',1990,408,0.002264779
'new','cvd',1991,406,0.002253677
'new','cvd',1992,375,0.002081599
'new','cvd',1993,404,0.002242576
'new','cvd',1994,412,0.002286983
'new','cvd',1995,454,0.002520122
'new','cvd',1996,435,0.002414654
'new','cvd',1997,406,0.002253677
'new','cvd',1998,424,0.002353594
'new','cvd',1999,456,0.002531224
'new','cvd',2000,442,0.002453511
'no','cvd',1987,2082,0.004295671
'no','cvd',1988,2113,0.004359631
'no','cvd',1989,2107,0.004347252
'no','cvd',1990,1896,0.003911908
'no','cvd',1991,1865,0.003847947
'no','cvd',1992,1829,0.003773671
'no','cvd',1993,1809,0.003732406
'no','cvd',1994,1674,0.003453868
'no','cvd',1995,1707,0.003521955
'no','cvd',1996,1549,0.003195963
'no','cvd',1997,1564,0.003226911
'no','cvd',1998,1563,0.003224848
'no','cvd',1999,1501,0.003096927
'no','cvd',2000,1500,0.003094864
'nor','cvd',1987,1073,0.004577586
'nor','cvd',1988,1076,0.004590385
'nor','cvd',1989,1010,0.004308819
'nor','cvd',1990,1032,0.004402674
'nor','cvd',1991,972,0.004146705
'nor','cvd',1992,1016,0.004334416
'nor','cvd',1993,1047,0.004466666
'nor','cvd',1994,987,0.004210697
'nor','cvd',1995,1023,0.004364279
'nor','cvd',1996,949,0.004048583
'nor','cvd',1997,977,0.004168035
'nor','cvd',1998,946,0.004035785
'nor','cvd',1999,901,0.003843807
'nor','cvd',2000,944,0.004027252
'nwk','cvd',1987,3242,0.004085012
'nwk','cvd',1988,3167,0.003990509
'nwk','cvd',1989,2779,0.003501619
'nwk','cvd',1990,2699,0.003400816
'nwk','cvd',1991,2615,0.003294974
'nwk','cvd',1992,2553,0.003216852
'nwk','cvd',1993,2555,0.003219372
'nwk','cvd',1994,2517,0.003171491
'nwk','cvd',1995,2556,0.003220632
'nwk','cvd',1996,2468,0.00310975
'nwk','cvd',1997,2395,0.003017768
'nwk','cvd',1998,2320,0.002923266
'nwk','cvd',1999,2418,0.003046748
'nwk','cvd',2000,2382,0.003001387
'ny','cvd',1987,36276,0.004061472
'ny','cvd',1988,36220,0.004055202
'ny','cvd',1989,34676,0.003882336
'ny','cvd',1990,33938,0.003799709
'ny','cvd',1991,34022,0.003809114
'ny','cvd',1992,34262,0.003835984
'ny','cvd',1993,35958,0.004025869
'ny','cvd',1994,33512,0.003752014
'ny','cvd',1995,34128,0.003820981
'ny','cvd',1996,33335,0.003732197
'ny','cvd',1997,31857,0.003566719
'ny','cvd',1998,30710,0.003438301
'ny','cvd',1999,31186,0.003491594
'ny','cvd',2000,29723,0.003327796
'oakl','cvd',1987,3835,0.002656294
'oakl','cvd',1988,3896,0.002698545
'oakl','cvd',1989,3879,0.00268677
'oakl','cvd',1990,3716,0.002573869
'oakl','cvd',1991,3621,0.002508068
'oakl','cvd',1992,3504,0.002427028
'oakl','cvd',1993,3587,0.002484518
'oakl','cvd',1994,3611,0.002501141
'oakl','cvd',1995,3599,0.002492829
'oakl','cvd',1996,3582,0.002481054
'oakl','cvd',1997,3494,0.002420102
'oakl','cvd',1998,3647,0.002526076
'oakl','cvd',1999,3716,0.002573869
'oakl','cvd',2000,3639,0.002520535
'okla','cvd',1987,2174,0.003291705
'okla','cvd',1988,2217,0.003356812
'okla','cvd',1989,2183,0.003305332
'okla','cvd',1990,2204,0.003337129
'okla','cvd',1991,2219,0.003359841
'okla','cvd',1992,2250,0.003406778
'okla','cvd',1993,2262,0.003424948
'okla','cvd',1994,2303,0.003487027
'okla','cvd',1995,2391,0.00362027
'okla','cvd',1996,2510,0.003800451
'okla','cvd',1997,2496,0.003779253
'okla','cvd',1998,2453,0.003714146
'okla','cvd',1999,2532,0.003833761
'okla','cvd',2000,2454,0.00371566
'olym','cvd',1987,403,0.001943527
'olym','cvd',1988,401,0.001933882
'olym','cvd',1989,353,0.001702394
'olym','cvd',1990,352,0.001697572
'olym','cvd',1991,374,0.00180367
'olym','cvd',1992,437,0.002107497
'olym','cvd',1993,458,0.002208772
'olym','cvd',1994,429,0.002068916
'olym','cvd',1995,448,0.002160546
'olym','cvd',1996,470,0.002266644
'olym','cvd',1997,500,0.002411324
'olym','cvd',1998,517,0.002493309
'olym','cvd',1999,495,0.00238721
'olym','cvd',2000,469,0.002261822
'oma','cvd',1987,1539,0.00331978
'oma','cvd',1988,1422,0.003067399
'oma','cvd',1989,1417,0.003056613
'oma','cvd',1990,1345,0.002901302
'oma','cvd',1991,1376,0.002968172
'oma','cvd',1992,1406,0.003032885
'oma','cvd',1993,1396,0.003011314
'oma','cvd',1994,1316,0.002838746
'oma','cvd',1995,1458,0.003145054
'oma','cvd',1996,1365,0.002944444
'oma','cvd',1997,1298,0.002799918
'oma','cvd',1998,1287,0.00277619
'oma','cvd',1999,1263,0.002724419
'oma','cvd',2000,1210,0.002610093
'orla','cvd',1987,1804,0.00201262
'orla','cvd',1988,1841,0.002053899
'orla','cvd',1989,1787,0.001993654
'orla','cvd',1990,1723,0.001922253
'orla','cvd',1991,1703,0.00189994
'orla','cvd',1992,1819,0.002029355
'orla','cvd',1993,1844,0.002057246
'orla','cvd',1994,1785,0.001991423
'orla','cvd',1995,1874,0.002090715
'orla','cvd',1996,1922,0.002144266
'orla','cvd',1997,1999,0.002230171
'orla','cvd',1998,1953,0.002178851
'orla','cvd',1999,2062,0.002300456
'orla','cvd',2000,2073,0.002312728
'phil','cvd',1987,6821,0.004494745
'phil','cvd',1988,7149,0.004710883
'phil','cvd',1989,7158,0.004716813
'phil','cvd',1990,6628,0.004367566
'phil','cvd',1991,6671,0.004395901
'phil','cvd',1992,6455,0.004253567
'phil','cvd',1993,6683,0.004403809
'phil','cvd',1994,6454,0.004252908
'phil','cvd',1995,6438,0.004242364
'phil','cvd',1996,6143,0.004047972
'phil','cvd',1997,5860,0.003861487
'phil','cvd',1998,5605,0.003693453
'phil','cvd',1999,5683,0.003744852
'phil','cvd',2000,5532,0.003645349
'phoe','cvd',1987,5791,0.001885
'phoe','cvd',1988,5807,0.001890208
'phoe','cvd',1989,5965,0.001941638
'phoe','cvd',1990,5949,0.00193643
'phoe','cvd',1991,5950,0.001936755
'phoe','cvd',1992,6343,0.002064679
'phoe','cvd',1993,6956,0.002264213
'phoe','cvd',1994,6972,0.002269421
'phoe','cvd',1995,7063,0.002299042
'phoe','cvd',1996,7362,0.002396368
'phoe','cvd',1997,7267,0.002365445
'phoe','cvd',1998,7456,0.002426966
'phoe','cvd',1999,7880,0.00256498
'phoe','cvd',2000,7695,0.002504761
'pitt','cvd',1987,7004,0.005464762
'pitt','cvd',1988,7049,0.005499873
'pitt','cvd',1989,6649,0.005187779
'pitt','cvd',1990,6400,0.004993501
'pitt','cvd',1991,6222,0.004854619
'pitt','cvd',1992,6271,0.00489285
'pitt','cvd',1993,6452,0.005034073
'pitt','cvd',1994,6406,0.004998182
'pitt','cvd',1995,6279,0.004899092
'pitt','cvd',1996,6283,0.004902213
'pitt','cvd',1997,6039,0.004711836
'pitt','cvd',1998,6026,0.004701693
'pitt','cvd',1999,6058,0.00472666
'pitt','cvd',2000,5731,0.004471524
'port','cvd',1987,3288,0.003291697
'port','cvd',1988,3092,0.003095476
'port','cvd',1989,3038,0.003041416
'port','cvd',1990,2948,0.002951314
'port','cvd',1991,2825,0.002828176
'port','cvd',1992,2936,0.002939301
'port','cvd',1993,2891,0.00289425
'port','cvd',1994,2879,0.002882237
'port','cvd',1995,2851,0.002854205
'port','cvd',1996,2859,0.002862214
'port','cvd',1997,2798,0.002801146
'port','cvd',1998,2728,0.002731067
'port','cvd',1999,2708,0.002711045
'port','cvd',2000,2712,0.002715049
'prov','cvd',1987,2641,0.004248699
'prov','cvd',1988,2606,0.004192393
'prov','cvd',1989,2506,0.004031519
'prov','cvd',1990,2547,0.004097477
'prov','cvd',1991,2447,0.003936603
'prov','cvd',1992,2391,0.003846513
'prov','cvd',1993,2514,0.004044389
'prov','cvd',1994,2344,0.003770902
'prov','cvd',1995,2387,0.003840078
'prov','cvd',1996,2415,0.003885123
'prov','cvd',1997,2327,0.003743553
'prov','cvd',1998,2148,0.003455587
'prov','cvd',1999,2198,0.003536025
'prov','cvd',2000,2269,0.003650246
'ral','cvd',1987,871,0.001387283
'ral','cvd',1988,857,0.001364984
'ral','cvd',1989,879,0.001400025
'ral','cvd',1990,899,0.00143188
'ral','cvd',1991,900,0.001433473
'ral','cvd',1992,924,0.001471698
'ral','cvd',1993,980,0.001560892
'ral','cvd',1994,958,0.001525852
'ral','cvd',1995,1024,0.001630973
'ral','cvd',1996,1072,0.001707425
'ral','cvd',1997,1025,0.001632566
'ral','cvd',1998,1075,0.001712203
'ral','cvd',1999,1116,0.001777506
'ral','cvd',2000,1095,0.001744058
'rich','cvd',1987,910,0.004600839
'rich','cvd',1988,920,0.004651398
'rich','cvd',1989,833,0.004211537
'rich','cvd',1990,788,0.003984023
'rich','cvd',1991,872,0.004408716
'rich','cvd',1992,834,0.004216593
'rich','cvd',1993,753,0.003807068
'rich','cvd',1994,803,0.004059861
'rich','cvd',1995,758,0.003832347
'rich','cvd',1996,726,0.00367056
'rich','cvd',1997,692,0.00349866
'rich','cvd',1998,648,0.003276202
'rich','cvd',1999,615,0.003109358
'rich','cvd',2000,622,0.003144749
'rive','cvd',1987,3116,0.002016323
'rive','cvd',1988,3533,0.002286159
'rive','cvd',1989,3455,0.002235686
'rive','cvd',1990,3616,0.002339867
'rive','cvd',1991,3668,0.002373516
'rive','cvd',1992,3829,0.002477697
'rive','cvd',1993,3997,0.002586407
'rive','cvd',1994,4277,0.002767592
'rive','cvd',1995,4241,0.002744296
'rive','cvd',1996,4227,0.002735237
'rive','cvd',1997,4288,0.00277471
'rive','cvd',1998,4507,0.002916422
'rive','cvd',1999,4666,0.003019308
'rive','cvd',2000,4522,0.002926128
'roch','cvd',1987,2526,0.003435132
'roch','cvd',1988,2369,0.003221626
'roch','cvd',1989,2495,0.003392974
'roch','cvd',1990,2331,0.003169949
'roch','cvd',1991,2302,0.003130512
'roch','cvd',1992,2328,0.00316587
'roch','cvd',1993,2417,0.003286901
'roch','cvd',1994,2404,0.003269223
'roch','cvd',1995,2406,0.003271942
'roch','cvd',1996,2369,0.003221626
'roch','cvd',1997,2386,0.003244744
'roch','cvd',1998,2305,0.003134592
'roch','cvd',1999,2336,0.003176749
'roch','cvd',2000,2344,0.003187628
'sacr','cvd',1987,2632,0.002151207
'sacr','cvd',1988,2717,0.00222068
'sacr','cvd',1989,2636,0.002154477
'sacr','cvd',1990,2695,0.002202699
'sacr','cvd',1991,2701,0.002207603
'sacr','cvd',1992,2775,0.002268085
'sacr','cvd',1993,2893,0.00236453
'sacr','cvd',1994,2963,0.002421743
'sacr','cvd',1995,2977,0.002433185
'sacr','cvd',1996,3080,0.00251737
'sacr','cvd',1997,3108,0.002540255
'sacr','cvd',1998,3134,0.002561506
'sacr','cvd',1999,3355,0.002742135
'sacr','cvd',2000,3267,0.002670211
'salt','cvd',1987,1599,0.001779857
'salt','cvd',1988,1570,0.001747576
'salt','cvd',1989,1459,0.001624022
'salt','cvd',1990,1458,0.001622909
'salt','cvd',1991,1491,0.001659641
'salt','cvd',1992,1442,0.001605099
'salt','cvd',1993,1537,0.001710844
'salt','cvd',1994,1462,0.001627361
'salt','cvd',1995,1460,0.001625135
'salt','cvd',1996,1576,0.001754255
'salt','cvd',1997,1527,0.001699713
'salt','cvd',1998,1458,0.001622909
'salt','cvd',1999,1462,0.001627361
'salt','cvd',2000,1540,0.001714183
'sana','cvd',1987,3178,0.00228152
'sana','cvd',1988,3158,0.002267162
'sana','cvd',1989,3219,0.002310954
'sana','cvd',1990,3019,0.002167372
'sana','cvd',1991,3101,0.002226241
'sana','cvd',1992,3210,0.002304493
'sana','cvd',1993,3261,0.002341107
'sana','cvd',1994,3295,0.002365516
'sana','cvd',1995,3433,0.002464587
'sana','cvd',1996,3466,0.002488278
'sana','cvd',1997,3666,0.00263186
'sana','cvd',1998,3541,0.002542122
'sana','cvd',1999,3791,0.002721599
'sana','cvd',2000,3657,0.002625399
'sanb','cvd',1987,3344,0.001956203
'sanb','cvd',1988,3352,0.001960883
'sanb','cvd',1989,3538,0.002069691
'sanb','cvd',1990,3480,0.002035762
'sanb','cvd',1991,3676,0.002150419
'sanb','cvd',1992,3583,0.002096015
'sanb','cvd',1993,3677,0.002151004
'sanb','cvd',1994,3690,0.002158609
'sanb','cvd',1995,3802,0.002224128
'sanb','cvd',1996,3792,0.002218278
'sanb','cvd',1997,3826,0.002238168
'sanb','cvd',1998,3809,0.002228223
'sanb','cvd',1999,4014,0.002348146
'sanb','cvd',2000,3839,0.002245773
'sand','cvd',1987,6471,0.00229971
'sand','cvd',1988,6581,0.002338803
'sand','cvd',1989,6553,0.002328852
'sand','cvd',1990,6567,0.002333827
'sand','cvd',1991,6626,0.002354795
'sand','cvd',1992,6722,0.002388912
'sand','cvd',1993,6728,0.002391045
'sand','cvd',1994,6968,0.002476337
'sand','cvd',1995,7089,0.002519339
'sand','cvd',1996,7092,0.002520405
'sand','cvd',1997,7190,0.002555233
'sand','cvd',1998,7331,0.002605343
'sand','cvd',1999,7588,0.002696677
'sand','cvd',2000,7437,0.002643014
'sanf','cvd',1987,2724,0.003506997
'sanf','cvd',1988,2746,0.00353532
'sanf','cvd',1989,2691,0.003464511
'sanf','cvd',1990,2530,0.003257233
'sanf','cvd',1991,2548,0.003280407
'sanf','cvd',1992,2443,0.003145225
'sanf','cvd',1993,2460,0.003167111
'sanf','cvd',1994,2382,0.003066691
'sanf','cvd',1995,2325,0.002993307
'sanf','cvd',1996,2414,0.003107889
'sanf','cvd',1997,2250,0.002896748
'sanf','cvd',1998,2334,0.003004894
'sanf','cvd',1999,2365,0.003044804
'sanf','cvd',2000,2158,0.002778303
'sanj','cvd',1987,3329,0.001978503
'sanj','cvd',1988,3292,0.001956513
'sanj','cvd',1989,3172,0.001885195
'sanj','cvd',1990,3070,0.001824573
'sanj','cvd',1991,3168,0.001882817
'sanj','cvd',1992,3118,0.001853101
'sanj','cvd',1993,3220,0.001913722
'sanj','cvd',1994,3165,0.001881034
'sanj','cvd',1995,3245,0.00192858
'sanj','cvd',1996,3306,0.001964834
'sanj','cvd',1997,3335,0.001982069
'sanj','cvd',1998,3412,0.002027832
'sanj','cvd',1999,3479,0.002067652
'sanj','cvd',2000,3316,0.001970777
'seat','cvd',1987,3997,0.002301049
'seat','cvd',1988,4114,0.002368405
'seat','cvd',1989,3938,0.002267083
'seat','cvd',1990,3977,0.002289535
'seat','cvd',1991,3873,0.002229663
'seat','cvd',1992,3873,0.002229663
'seat','cvd',1993,4126,0.002375313
'seat','cvd',1994,3792,0.002183032
'seat','cvd',1995,3857,0.002220452
'seat','cvd',1996,4087,0.002352861
'seat','cvd',1997,3884,0.002235995
'seat','cvd',1998,4022,0.002315441
'seat','cvd',1999,4005,0.002305654
'seat','cvd',2000,3967,0.002283778
'shr','cvd',1987,1507,0.004299928
'shr','cvd',1988,1451,0.004140143
'shr','cvd',1989,1350,0.003851959
'shr','cvd',1990,1292,0.003686468
'shr','cvd',1991,1289,0.003677908
'shr','cvd',1992,1258,0.003589455
'shr','cvd',1993,1328,0.003789187
'shr','cvd',1994,1200,0.003423964
'shr','cvd',1995,1257,0.003586602
'shr','cvd',1996,1213,0.003461057
'shr','cvd',1997,1226,0.00349815
'shr','cvd',1998,1209,0.003449643
'shr','cvd',1999,1234,0.003520976
'shr','cvd',2000,1250,0.003566629
'spok','cvd',1987,1474,0.00352683
'spok','cvd',1988,1419,0.003395232
'spok','cvd',1989,1356,0.003244493
'spok','cvd',1990,1460,0.003493333
'spok','cvd',1991,1455,0.003481369
'spok','cvd',1992,1379,0.003299525
'spok','cvd',1993,1519,0.003634502
'spok','cvd',1994,1350,0.003230136
'spok','cvd',1995,1458,0.003488547
'spok','cvd',1996,1432,0.003426337
'spok','cvd',1997,1417,0.003390447
'spok','cvd',1998,1379,0.003299525
'spok','cvd',1999,1468,0.003512474
'spok','cvd',2000,1486,0.003555543
'staa','cvd',1987,5512,0.001936557
'staa','cvd',1988,5602,0.001968177
'staa','cvd',1989,5565,0.001955177
'staa','cvd',1990,5435,0.001909504
'staa','cvd',1991,5384,0.001891586
'staa','cvd',1992,5624,0.001975906
'staa','cvd',1993,5608,0.001970285
'staa','cvd',1994,5913,0.002077442
'staa','cvd',1995,5873,0.002063389
'staa','cvd',1996,5948,0.002089739
'staa','cvd',1997,6228,0.002188112
'staa','cvd',1998,6280,0.002206382
'staa','cvd',1999,6597,0.002317755
'staa','cvd',2000,6354,0.00223238
'stlo','cvd',1987,2187,0.006281071
'stlo','cvd',1988,2208,0.006341384
'stlo','cvd',1989,2060,0.005916327
'stlo','cvd',1990,1943,0.005580303
'stlo','cvd',1991,1753,0.005034622
'stlo','cvd',1992,1751,0.005028878
'stlo','cvd',1993,1774,0.005094934
'stlo','cvd',1994,1751,0.005028878
'stlo','cvd',1995,1713,0.004919742
'stlo','cvd',1996,1613,0.004632542
'stlo','cvd',1997,1580,0.004537765
'stlo','cvd',1998,1550,0.004451605
'stlo','cvd',1999,1544,0.004434373
'stlo','cvd',2000,1421,0.004081117
'stoc','cvd',1987,1490,0.002643728
'stoc','cvd',1988,1525,0.002705829
'stoc','cvd',1989,1445,0.002563884
'stoc','cvd',1990,1507,0.002673892
'stoc','cvd',1991,1518,0.002693409
'stoc','cvd',1992,1493,0.002649051
'stoc','cvd',1993,1542,0.002735993
'stoc','cvd',1994,1563,0.002773253
'stoc','cvd',1995,1605,0.002847774
'stoc','cvd',1996,1586,0.002814063
'stoc','cvd',1997,1598,0.002835354
'stoc','cvd',1998,1612,0.002860195
'stoc','cvd',1999,1828,0.003243447
'stoc','cvd',2000,1649,0.002925844
'stpe','cvd',1987,6042,0.006556829
'stpe','cvd',1988,5928,0.006433115
'stpe','cvd',1989,5628,0.006107553
'stpe','cvd',1990,5485,0.005952368
'stpe','cvd',1991,5453,0.005917641
'stpe','cvd',1992,5383,0.005841677
'stpe','cvd',1993,5467,0.005932834
'stpe','cvd',1994,5285,0.005735326
'stpe','cvd',1995,4812,0.005222023
'stpe','cvd',1996,4841,0.005253494
'stpe','cvd',1997,4698,0.005098309
'stpe','cvd',1998,4613,0.005006066
'stpe','cvd',1999,4459,0.004838944
'stpe','cvd',2000,4396,0.004770576
'syra','cvd',1987,1817,0.003999243
'syra','cvd',1988,1764,0.003882589
'syra','cvd',1989,1747,0.003845172
'syra','cvd',1990,1711,0.003765935
'syra','cvd',1991,1638,0.003605261
'syra','cvd',1992,1629,0.003585452
'syra','cvd',1993,1684,0.003706508
'syra','cvd',1994,1673,0.003682297
'syra','cvd',1995,1664,0.003662488
'syra','cvd',1996,1692,0.003724116
'syra','cvd',1997,1612,0.003548035
'syra','cvd',1998,1645,0.003620668
'syra','cvd',1999,1483,0.003264104
'syra','cvd',2000,1507,0.003316928
'taco','cvd',1987,1740,0.002482806
'taco','cvd',1988,1724,0.002459975
'taco','cvd',1989,1743,0.002487087
'taco','cvd',1990,1676,0.002391484
'taco','cvd',1991,1763,0.002515625
'taco','cvd',1992,1736,0.002477098
'taco','cvd',1993,1846,0.002634057
'taco','cvd',1994,1835,0.002618361
'taco','cvd',1995,1892,0.002699695
'taco','cvd',1996,1813,0.00258697
'taco','cvd',1997,1797,0.002564139
'taco','cvd',1998,1812,0.002585543
'taco','cvd',1999,1901,0.002712537
'taco','cvd',2000,1853,0.002644046
'tamp','cvd',1987,2729,0.002731874
'tamp','cvd',1988,2798,0.002800947
'tamp','cvd',1989,2668,0.00267081
'tamp','cvd',1990,2658,0.002660799
'tamp','cvd',1991,2750,0.002752896
'tamp','cvd',1992,2764,0.002766911
'tamp','cvd',1993,2834,0.002836985
'tamp','cvd',1994,2924,0.002927079
'tamp','cvd',1995,2984,0.002987142
'tamp','cvd',1996,2987,0.002990146
'tamp','cvd',1997,2948,0.002951105
'tamp','cvd',1998,3110,0.003113275
'tamp','cvd',1999,3022,0.003025182
'tamp','cvd',2000,3175,0.003178344
'tole','cvd',1987,2085,0.004581874
'tole','cvd',1988,2048,0.004500565
'tole','cvd',1989,1915,0.004208292
'tole','cvd',1990,1935,0.004252243
'tole','cvd',1991,1947,0.004278613
'tole','cvd',1992,2044,0.004491775
'tole','cvd',1993,1960,0.004307181
'tole','cvd',1994,1956,0.004298391
'tole','cvd',1995,1931,0.004243452
'tole','cvd',1996,1881,0.004133575
'tole','cvd',1997,1811,0.003979747
'tole','cvd',1998,1772,0.003894043
'tole','cvd',1999,1780,0.003911624
'tole','cvd',2000,1808,0.003973155
'tope','cvd',1987,540,0.003178883
'tope','cvd',1988,530,0.003120015
'tope','cvd',1989,559,0.003290732
'tope','cvd',1990,580,0.003414356
'tope','cvd',1991,608,0.003579187
'tope','cvd',1992,564,0.003320166
'tope','cvd',1993,611,0.003596847
'tope','cvd',1994,632,0.00372047
'tope','cvd',1995,626,0.003685149
'tope','cvd',1996,638,0.003755791
'tope','cvd',1997,617,0.003632168
'tope','cvd',1998,632,0.00372047
'tope','cvd',1999,612,0.003602734
'tope','cvd',2000,631,0.003714583
'tucs','cvd',1987,2201,0.002608605
'tucs','cvd',1988,2123,0.00251616
'tucs','cvd',1989,2126,0.002519716
'tucs','cvd',1990,2213,0.002622827
'tucs','cvd',1991,2263,0.002682087
'tucs','cvd',1992,2282,0.002704605
'tucs','cvd',1993,2443,0.002895421
'tucs','cvd',1994,2472,0.002929792
'tucs','cvd',1995,2556,0.003029348
'tucs','cvd',1996,2547,0.003018681
'tucs','cvd',1997,2515,0.002980755
'tucs','cvd',1998,2538,0.003008014
'tucs','cvd',1999,2590,0.003069644
'tucs','cvd',2000,2581,0.003058977
'tuls','cvd',1987,1797,0.003190135
'tuls','cvd',1988,1832,0.003252269
'tuls','cvd',1989,1744,0.003096047
'tuls','cvd',1990,1780,0.003159956
'tuls','cvd',1991,1795,0.003186585
'tuls','cvd',1992,1720,0.003053441
'tuls','cvd',1993,1802,0.003199012
'tuls','cvd',1994,1825,0.003239842
'tuls','cvd',1995,1917,0.003403166
'tuls','cvd',1996,1899,0.003371211
'tuls','cvd',1997,1880,0.003337482
'tuls','cvd',1998,1884,0.003344583
'tuls','cvd',1999,1951,0.003463525
'tuls','cvd',2000,1972,0.003500805
'wich','cvd',1987,1240,0.002738099
'wich','cvd',1988,1227,0.002709393
'wich','cvd',1989,1218,0.002689519
'wich','cvd',1990,1238,0.002733682
'wich','cvd',1991,1178,0.002601194
'wich','cvd',1992,1159,0.002559239
'wich','cvd',1993,1170,0.002583529
'wich','cvd',1994,1187,0.002621067
'wich','cvd',1995,1190,0.002627691
'wich','cvd',1996,1187,0.002621067
'wich','cvd',1997,1201,0.002651981
'wich','cvd',1998,1245,0.002749139
'wich','cvd',1999,1220,0.002693936
'wich','cvd',2000,1192,0.002632108
'wor','cvd',1987,2553,0.003399635
'wor','cvd',1988,2700,0.003595384
'wor','cvd',1989,2428,0.003233182
'wor','cvd',1990,2399,0.003194565
'wor','cvd',1991,2350,0.003129315
'wor','cvd',1992,2353,0.00313331
'wor','cvd',1993,2504,0.003334385
'wor','cvd',1994,2340,0.003115999
'wor','cvd',1995,2335,0.003109341
'wor','cvd',1996,2372,0.003158611
'wor','cvd',1997,2316,0.00308404
'wor','cvd',1998,2368,0.003153285
'wor','cvd',1999,2304,0.003068061
'wor','cvd',2000,2226,0.002964194
