'akr','pneu',1987,145,0.000267085
'akr','pneu',1988,149,0.000274453
'akr','pneu',1989,151,0.000278136
'akr','pneu',1990,124,0.000228403
'akr','pneu',1991,148,0.000272611
'akr','pneu',1992,161,0.000296556
'akr','pneu',1993,194,0.000357341
'akr','pneu',1994,164,0.000302082
'akr','pneu',1995,171,0.000314976
'akr','pneu',1996,168,0.00030945
'akr','pneu',1997,194,0.000357341
'akr','pneu',1998,195,0.000359183
'akr','pneu',1999,176,0.000324186
'akr','pneu',2000,168,0.00030945
'albu','pneu',1987,103,0.000185026
'albu','pneu',1988,92,0.000165266
'albu','pneu',1989,111,0.000199397
'albu','pneu',1990,84,0.000150895
'albu','pneu',1991,98,0.000176044
'albu','pneu',1992,97,0.000174248
'albu','pneu',1993,122,0.000219157
'albu','pneu',1994,132,0.000237121
'albu','pneu',1995,133,0.000238917
'albu','pneu',1996,129,0.000231732
'albu','pneu',1997,147,0.000264066
'albu','pneu',1998,149,0.000267659
'albu','pneu',1999,139,0.000249696
'albu','pneu',2000,108,0.000194008
'anch','pneu',1987,16,6.15E-05
'anch','pneu',1988,9,3.46E-05
'anch','pneu',1989,9,3.46E-05
'anch','pneu',1990,10,3.84E-05
'anch','pneu',1991,7,2.69E-05
'anch','pneu',1992,14,5.38E-05
'anch','pneu',1993,13,4.99E-05
'anch','pneu',1994,18,6.92E-05
'anch','pneu',1995,22,8.45E-05
'anch','pneu',1996,14,5.38E-05
'anch','pneu',1997,15,5.76E-05
'anch','pneu',1998,10,3.84E-05
'anch','pneu',1999,19,7.30E-05
'anch','pneu',2000,19,7.30E-05
'arlv','pneu',1987,45,0.000237526
'arlv','pneu',1988,41,0.000216413
'arlv','pneu',1989,29,0.000153072
'arlv','pneu',1990,26,0.000137237
'arlv','pneu',1991,27,0.000142516
'arlv','pneu',1992,25,0.000131959
'arlv','pneu',1993,27,0.000142516
'arlv','pneu',1994,21,0.000110845
'arlv','pneu',1995,26,0.000137237
'arlv','pneu',1996,41,0.000216413
'arlv','pneu',1997,27,0.000142516
'arlv','pneu',1998,28,0.000147794
'arlv','pneu',1999,32,0.000168907
'arlv','pneu',2000,39,0.000205856
'atla','pneu',1987,256,0.000172755
'atla','pneu',1988,296,0.000199747
'atla','pneu',1989,345,0.000232814
'atla','pneu',1990,336,0.00022674
'atla','pneu',1991,334,0.000225391
'atla','pneu',1992,315,0.000212569
'atla','pneu',1993,369,0.00024901
'atla','pneu',1994,346,0.000233489
'atla','pneu',1995,331,0.000223366
'atla','pneu',1996,376,0.000253733
'atla','pneu',1997,383,0.000258457
'atla','pneu',1998,405,0.000273303
'atla','pneu',1999,317,0.000213919
'atla','pneu',2000,322,0.000217293
'aust','pneu',1987,88,0.000108337
'aust','pneu',1988,94,0.000115724
'aust','pneu',1989,97,0.000119417
'aust','pneu',1990,114,0.000140346
'aust','pneu',1991,84,0.000103413
'aust','pneu',1992,95,0.000116955
'aust','pneu',1993,89,0.000109568
'aust','pneu',1994,100,0.00012311
'aust','pneu',1995,103,0.000126804
'aust','pneu',1996,109,0.00013419
'aust','pneu',1997,122,0.000150195
'aust','pneu',1998,136,0.00016743
'aust','pneu',1999,99,0.000121879
'aust','pneu',2000,111,0.000136652
'bake','pneu',1987,229,0.000346107
'bake','pneu',1988,222,0.000335527
'bake','pneu',1989,237,0.000358198
'bake','pneu',1990,253,0.00038238
'bake','pneu',1991,279,0.000421676
'bake','pneu',1992,243,0.000367266
'bake','pneu',1993,296,0.00044737
'bake','pneu',1994,272,0.000411097
'bake','pneu',1995,264,0.000399006
'bake','pneu',1996,286,0.000432256
'bake','pneu',1997,266,0.000402028
'bake','pneu',1998,315,0.000476086
'bake','pneu',1999,126,0.000190434
'bake','pneu',2000,217,0.00032797
'balt','pneu',1987,313,0.000492794
'balt','pneu',1988,294,0.00046288
'balt','pneu',1989,349,0.000549473
'balt','pneu',1990,292,0.000459731
'balt','pneu',1991,274,0.000431391
'balt','pneu',1992,276,0.00043454
'balt','pneu',1993,312,0.000491219
'balt','pneu',1994,275,0.000432966
'balt','pneu',1995,309,0.000486496
'balt','pneu',1996,323,0.000508538
'balt','pneu',1997,297,0.000467603
'balt','pneu',1998,276,0.00043454
'balt','pneu',1999,205,0.000322756
'balt','pneu',2000,223,0.000351096
'batr','pneu',1987,70,0.000169552
'batr','pneu',1988,56,0.000135642
'batr','pneu',1989,72,0.000174397
'batr','pneu',1990,73,0.000176819
'batr','pneu',1991,83,0.000201041
'batr','pneu',1992,70,0.000169552
'batr','pneu',1993,71,0.000171974
'batr','pneu',1994,99,0.000239795
'batr','pneu',1995,97,0.000234951
'batr','pneu',1996,75,0.000181663
'batr','pneu',1997,85,0.000205885
'batr','pneu',1998,70,0.000169552
'batr','pneu',1999,82,0.000198618
'batr','pneu',2000,94,0.000227684
'bidd','pneu',1987,21,0.000112455
'bidd','pneu',1988,29,0.000155294
'bidd','pneu',1989,29,0.000155294
'bidd','pneu',1990,29,0.000155294
'bidd','pneu',1991,29,0.000155294
'bidd','pneu',1992,27,0.000144585
'bidd','pneu',1993,23,0.000123165
'bidd','pneu',1994,37,0.000198134
'bidd','pneu',1995,29,0.000155294
'bidd','pneu',1996,27,0.000144585
'bidd','pneu',1997,39,0.000208844
'bidd','pneu',1998,32,0.000171359
'bidd','pneu',1999,27,0.000144585
'bidd','pneu',2000,21,0.000112455
'birm','pneu',1987,247,0.000373085
'birm','pneu',1988,217,0.000327771
'birm','pneu',1989,294,0.000444077
'birm','pneu',1990,257,0.00038819
'birm','pneu',1991,270,0.000407826
'birm','pneu',1992,263,0.000397253
'birm','pneu',1993,297,0.000448609
'birm','pneu',1994,284,0.000428973
'birm','pneu',1995,307,0.000463713
'birm','pneu',1996,317,0.000478818
'birm','pneu',1997,321,0.00048486
'birm','pneu',1998,350,0.000528663
'birm','pneu',1999,306,0.000462203
'birm','pneu',2000,233,0.000351939
'bost','pneu',1987,309,0.000447951
'bost','pneu',1988,348,0.000504489
'bost','pneu',1989,280,0.000405911
'bost','pneu',1990,299,0.000433455
'bost','pneu',1991,308,0.000446502
'bost','pneu',1992,278,0.000403011
'bost','pneu',1993,334,0.000484193
'bost','pneu',1994,298,0.000432005
'bost','pneu',1995,272,0.000394313
'bost','pneu',1996,301,0.000436354
'bost','pneu',1997,287,0.000416058
'bost','pneu',1998,329,0.000476945
'bost','pneu',1999,203,0.000294285
'bost','pneu',2000,246,0.000356621
'buff','pneu',1987,338,0.00035569
'buff','pneu',1988,368,0.00038726
'buff','pneu',1989,333,0.000350429
'buff','pneu',1990,345,0.000363057
'buff','pneu',1991,387,0.000407255
'buff','pneu',1992,313,0.000329382
'buff','pneu',1993,303,0.000318858
'buff','pneu',1994,342,0.0003599
'buff','pneu',1995,346,0.000364109
'buff','pneu',1996,358,0.000376737
'buff','pneu',1997,390,0.000410412
'buff','pneu',1998,422,0.000444087
'buff','pneu',1999,303,0.000318858
'buff','pneu',2000,250,0.000263085
'cayc','pneu',1987,26,0.000120363
'cayc','pneu',1988,32,0.000148139
'cayc','pneu',1989,26,0.000120363
'cayc','pneu',1990,39,0.000180544
'cayc','pneu',1991,36,0.000166656
'cayc','pneu',1992,31,0.000143509
'cayc','pneu',1993,43,0.000199061
'cayc','pneu',1994,42,0.000194432
'cayc','pneu',1995,52,0.000240725
'cayc','pneu',1996,52,0.000240725
'cayc','pneu',1997,47,0.000217578
'cayc','pneu',1998,55,0.000254613
'cayc','pneu',1999,56,0.000259242
'cayc','pneu',2000,32,0.000148139
'cdrp','pneu',1987,41,0.000213875
'cdrp','pneu',1988,50,0.000260823
'cdrp','pneu',1989,43,0.000224308
'cdrp','pneu',1990,50,0.000260823
'cdrp','pneu',1991,58,0.000302554
'cdrp','pneu',1992,52,0.000271256
'cdrp','pneu',1993,64,0.000333853
'cdrp','pneu',1994,58,0.000302554
'cdrp','pneu',1995,59,0.000307771
'cdrp','pneu',1996,39,0.000203442
'cdrp','pneu',1997,52,0.000271256
'cdrp','pneu',1998,54,0.000281689
'cdrp','pneu',1999,63,0.000328637
'cdrp','pneu',2000,53,0.000276472
'char','pneu',1987,149,0.000214249
'char','pneu',1988,182,0.0002617
'char','pneu',1989,185,0.000266013
'char','pneu',1990,184,0.000264575
'char','pneu',1991,174,0.000250196
'char','pneu',1992,158,0.00022719
'char','pneu',1993,185,0.000266013
'char','pneu',1994,176,0.000253072
'char','pneu',1995,193,0.000277517
'char','pneu',1996,236,0.000339347
'char','pneu',1997,204,0.000293334
'char','pneu',1998,271,0.000389674
'char','pneu',1999,200,0.000287582
'char','pneu',2000,187,0.000268889
'chic','pneu',1987,1766,0.000328452
'chic','pneu',1988,1932,0.000359325
'chic','pneu',1989,2067,0.000384434
'chic','pneu',1990,2003,0.00037253
'chic','pneu',1991,1976,0.000367509
'chic','pneu',1992,1795,0.000333845
'chic','pneu',1993,2021,0.000375878
'chic','pneu',1994,1831,0.000340541
'chic','pneu',1995,1932,0.000359325
'chic','pneu',1996,1917,0.000356536
'chic','pneu',1997,1837,0.000341657
'chic','pneu',1998,1926,0.00035821
'chic','pneu',1999,1675,0.000311527
'chic','pneu',2000,1489,0.000276934
'cinc','pneu',1987,301,0.000354826
'cinc','pneu',1988,328,0.000386654
'cinc','pneu',1989,341,0.000401979
'cinc','pneu',1990,333,0.000392548
'cinc','pneu',1991,326,0.000384297
'cinc','pneu',1992,313,0.000368972
'cinc','pneu',1993,356,0.000419661
'cinc','pneu',1994,357,0.00042084
'cinc','pneu',1995,374,0.00044088
'cinc','pneu',1996,339,0.000399621
'cinc','pneu',1997,305,0.000359541
'cinc','pneu',1998,348,0.000410231
'cinc','pneu',1999,276,0.000325355
'cinc','pneu',2000,245,0.000288812
'clev','pneu',1987,409,0.000293405
'clev','pneu',1988,443,0.000317796
'clev','pneu',1989,395,0.000283362
'clev','pneu',1990,395,0.000283362
'clev','pneu',1991,393,0.000281927
'clev','pneu',1992,379,0.000271884
'clev','pneu',1993,437,0.000313491
'clev','pneu',1994,427,0.000306318
'clev','pneu',1995,458,0.000328556
'clev','pneu',1996,435,0.000312057
'clev','pneu',1997,429,0.000307752
'clev','pneu',1998,426,0.0003056
'clev','pneu',1999,337,0.000241754
'clev','pneu',2000,352,0.000252515
'clmg','pneu',1987,47,0.000252293
'clmg','pneu',1988,44,0.00023619
'clmg','pneu',1989,41,0.000220086
'clmg','pneu',1990,40,0.000214718
'clmg','pneu',1991,49,0.000263029
'clmg','pneu',1992,31,0.000166406
'clmg','pneu',1993,48,0.000257661
'clmg','pneu',1994,48,0.000257661
'clmg','pneu',1995,51,0.000273765
'clmg','pneu',1996,66,0.000354284
'clmg','pneu',1997,60,0.000322077
'clmg','pneu',1998,77,0.000413332
'clmg','pneu',1999,57,0.000305973
'clmg','pneu',2000,57,0.000305973
'clmo','pneu',1987,179,0.00016745
'clmo','pneu',1988,205,0.000191772
'clmo','pneu',1989,163,0.000152482
'clmo','pneu',1990,192,0.000179611
'clmo','pneu',1991,209,0.000195514
'clmo','pneu',1992,214,0.000200191
'clmo','pneu',1993,202,0.000188966
'clmo','pneu',1994,212,0.00019832
'clmo','pneu',1995,244,0.000228255
'clmo','pneu',1996,193,0.000180546
'clmo','pneu',1997,222,0.000207675
'clmo','pneu',1998,267,0.000249771
'clmo','pneu',1999,210,0.000196449
'clmo','pneu',2000,206,0.000192707
'colo','pneu',1987,101,0.000195385
'colo','pneu',1988,122,0.000236009
'colo','pneu',1989,102,0.000197319
'colo','pneu',1990,103,0.000199254
'colo','pneu',1991,109,0.000210861
'colo','pneu',1992,114,0.000220533
'colo','pneu',1993,101,0.000195385
'colo','pneu',1994,112,0.000216664
'colo','pneu',1995,123,0.000237944
'colo','pneu',1996,116,0.000224402
'colo','pneu',1997,127,0.000245682
'colo','pneu',1998,119,0.000230206
'colo','pneu',1999,88,0.000170236
'colo','pneu',2000,80,0.00015476
'corp','pneu',1987,32,0.000102026
'corp','pneu',1988,50,0.000159416
'corp','pneu',1989,53,0.000168981
'corp','pneu',1990,60,0.000191299
'corp','pneu',1991,39,0.000124344
'corp','pneu',1992,52,0.000165793
'corp','pneu',1993,52,0.000165793
'corp','pneu',1994,55,0.000175357
'corp','pneu',1995,55,0.000175357
'corp','pneu',1996,67,0.000213617
'corp','pneu',1997,94,0.000299702
'corp','pneu',1998,84,0.000267819
'corp','pneu',1999,74,0.000235936
'corp','pneu',2000,71,0.000226371
'covt','pneu',1987,23,0.00013765
'covt','pneu',1988,29,0.000173559
'covt','pneu',1989,24,0.000143635
'covt','pneu',1990,32,0.000191514
'covt','pneu',1991,31,0.000185529
'covt','pneu',1992,38,0.000227422
'covt','pneu',1993,35,0.000209468
'covt','pneu',1994,41,0.000245377
'covt','pneu',1995,36,0.000215453
'covt','pneu',1996,37,0.000221438
'covt','pneu',1997,49,0.000293255
'covt','pneu',1998,57,0.000341134
'covt','pneu',1999,48,0.00028727
'covt','pneu',2000,60,0.000359088
'dayt','pneu',1987,140,0.000250419
'dayt','pneu',1988,119,0.000212857
'dayt','pneu',1989,136,0.000243265
'dayt','pneu',1990,134,0.000239687
'dayt','pneu',1991,133,0.000237898
'dayt','pneu',1992,155,0.00027725
'dayt','pneu',1993,146,0.000261152
'dayt','pneu',1994,138,0.000246842
'dayt','pneu',1995,163,0.00029156
'dayt','pneu',1996,175,0.000313024
'dayt','pneu',1997,213,0.000380995
'dayt','pneu',1998,190,0.000339855
'dayt','pneu',1999,175,0.000313024
'dayt','pneu',2000,146,0.000261152
'dc','pneu',1987,232,0.000405553
'dc','pneu',1988,279,0.000487712
'dc','pneu',1989,251,0.000438766
'dc','pneu',1990,210,0.000367095
'dc','pneu',1991,198,0.000346118
'dc','pneu',1992,231,0.000403805
'dc','pneu',1993,207,0.000361851
'dc','pneu',1994,192,0.00033563
'dc','pneu',1995,224,0.000391568
'dc','pneu',1996,192,0.00033563
'dc','pneu',1997,191,0.000333882
'dc','pneu',1998,182,0.000318149
'dc','pneu',1999,121,0.000211517
'dc','pneu',2000,104,0.000181799
'denv','pneu',1987,331,0.000235343
'denv','pneu',1988,360,0.000255962
'denv','pneu',1989,288,0.000204769
'denv','pneu',1990,336,0.000238898
'denv','pneu',1991,320,0.000227522
'denv','pneu',1992,327,0.000232499
'denv','pneu',1993,361,0.000256673
'denv','pneu',1994,326,0.000231788
'denv','pneu',1995,337,0.000239609
'denv','pneu',1996,344,0.000244586
'denv','pneu',1997,305,0.000216857
'denv','pneu',1998,369,0.000262361
'denv','pneu',1999,311,0.000221123
'denv','pneu',2000,236,0.000167797
'desm','pneu',1987,114,0.000304324
'desm','pneu',1988,104,0.000277629
'desm','pneu',1989,93,0.000248264
'desm','pneu',1990,97,0.000258942
'desm','pneu',1991,101,0.00026962
'desm','pneu',1992,112,0.000298985
'desm','pneu',1993,133,0.000355044
'desm','pneu',1994,111,0.000296315
'desm','pneu',1995,98,0.000261612
'desm','pneu',1996,136,0.000363053
'desm','pneu',1997,140,0.000373731
'desm','pneu',1998,159,0.000424452
'desm','pneu',1999,148,0.000395087
'desm','pneu',2000,147,0.000392418
'det','pneu',1987,580,0.000281395
'det','pneu',1988,650,0.000315356
'det','pneu',1989,630,0.000305653
'det','pneu',1990,676,0.00032797
'det','pneu',1991,649,0.000314871
'det','pneu',1992,656,0.000318267
'det','pneu',1993,681,0.000330396
'det','pneu',1994,660,0.000320208
'det','pneu',1995,644,0.000312445
'det','pneu',1996,672,0.00032603
'det','pneu',1997,690,0.000334763
'det','pneu',1998,676,0.00032797
'det','pneu',1999,512,0.000248404
'det','pneu',2000,497,0.000241126
'dlft','pneu',1987,594,0.000141433
'dlft','pneu',1988,617,0.000146909
'dlft','pneu',1989,631,0.000150243
'dlft','pneu',1990,649,0.000154528
'dlft','pneu',1991,635,0.000151195
'dlft','pneu',1992,607,0.000144528
'dlft','pneu',1993,643,0.0001531
'dlft','pneu',1994,663,0.000157862
'dlft','pneu',1995,665,0.000158338
'dlft','pneu',1996,663,0.000157862
'dlft','pneu',1997,795,0.000189291
'dlft','pneu',1998,795,0.000189291
'dlft','pneu',1999,666,0.000158576
'dlft','pneu',2000,722,0.00017191
'elpa','pneu',1987,86,0.000126541
'elpa','pneu',1988,87,0.000128012
'elpa','pneu',1989,94,0.000138312
'elpa','pneu',1990,83,0.000122127
'elpa','pneu',1991,103,0.000151555
'elpa','pneu',1992,95,0.000139784
'elpa','pneu',1993,102,0.000150083
'elpa','pneu',1994,107,0.00015744
'elpa','pneu',1995,92,0.000135369
'elpa','pneu',1996,118,0.000173626
'elpa','pneu',1997,126,0.000185397
'elpa','pneu',1998,115,0.000169212
'elpa','pneu',1999,121,0.00017804
'elpa','pneu',2000,97,0.000142726
'evan','pneu',1987,39,0.000226847
'evan','pneu',1988,57,0.000331546
'evan','pneu',1989,65,0.000378078
'evan','pneu',1990,81,0.000471144
'evan','pneu',1991,74,0.000430428
'evan','pneu',1992,76,0.000442061
'evan','pneu',1993,77,0.000447878
'evan','pneu',1994,66,0.000383895
'evan','pneu',1995,72,0.000418795
'evan','pneu',1996,70,0.000407161
'evan','pneu',1997,56,0.000325729
'evan','pneu',1998,52,0.000302463
'evan','pneu',1999,54,0.000314096
'evan','pneu',2000,53,0.000308279
'fres','pneu',1987,151,0.00018889
'fres','pneu',1988,144,0.000180134
'fres','pneu',1989,192,0.000240178
'fres','pneu',1990,178,0.000222665
'fres','pneu',1991,193,0.000241429
'fres','pneu',1992,208,0.000260193
'fres','pneu',1993,193,0.000241429
'fres','pneu',1994,221,0.000276455
'fres','pneu',1995,197,0.000246433
'fres','pneu',1996,240,0.000300223
'fres','pneu',1997,266,0.000332747
'fres','pneu',1998,312,0.000390289
'fres','pneu',1999,65,8.13E-05
'fres','pneu',2000,200,0.000250185
'ftwa','pneu',1987,53,0.000159711
'ftwa','pneu',1988,79,0.00023806
'ftwa','pneu',1989,65,0.000195872
'ftwa','pneu',1990,86,0.000259154
'ftwa','pneu',1991,75,0.000226006
'ftwa','pneu',1992,71,0.000213953
'ftwa','pneu',1993,77,0.000232033
'ftwa','pneu',1994,70,0.000210939
'ftwa','pneu',1995,66,0.000198886
'ftwa','pneu',1996,77,0.000232033
'ftwa','pneu',1997,74,0.000222993
'ftwa','pneu',1998,69,0.000207926
'ftwa','pneu',1999,77,0.000232033
'ftwa','pneu',2000,74,0.000222993
'gdrp','pneu',1987,138,0.000240278
'gdrp','pneu',1988,134,0.000233313
'gdrp','pneu',1989,171,0.000297736
'gdrp','pneu',1990,162,0.000282065
'gdrp','pneu',1991,165,0.000287289
'gdrp','pneu',1992,163,0.000283806
'gdrp','pneu',1993,158,0.000275101
'gdrp','pneu',1994,176,0.000306441
'gdrp','pneu',1995,172,0.000299477
'gdrp','pneu',1996,200,0.000348229
'gdrp','pneu',1997,188,0.000327335
'gdrp','pneu',1998,196,0.000341264
'gdrp','pneu',1999,193,0.000336041
'gdrp','pneu',2000,132,0.000229831
'grnb','pneu',1987,87,0.000206627
'grnb','pneu',1988,114,0.000270753
'grnb','pneu',1989,92,0.000218502
'grnb','pneu',1990,94,0.000223252
'grnb','pneu',1991,91,0.000216127
'grnb','pneu',1992,108,0.000256503
'grnb','pneu',1993,120,0.000285003
'grnb','pneu',1994,110,0.000261253
'grnb','pneu',1995,117,0.000277878
'grnb','pneu',1996,126,0.000299253
'grnb','pneu',1997,129,0.000306378
'grnb','pneu',1998,146,0.000346754
'grnb','pneu',1999,121,0.000287378
'grnb','pneu',2000,159,0.000377629
'hono','pneu',1987,190,0.000216856
'hono','pneu',1988,182,0.000207726
'hono','pneu',1989,238,0.000271641
'hono','pneu',1990,245,0.000279631
'hono','pneu',1991,285,0.000325285
'hono','pneu',1992,242,0.000276207
'hono','pneu',1993,260,0.000296751
'hono','pneu',1994,240,0.000273924
'hono','pneu',1995,297,0.000338981
'hono','pneu',1996,291,0.000332133
'hono','pneu',1997,324,0.000369797
'hono','pneu',1998,312,0.000356101
'hono','pneu',1999,237,0.0002705
'hono','pneu',2000,239,0.000272782
'hous','pneu',1987,452,0.000132919
'hous','pneu',1988,546,0.000160561
'hous','pneu',1989,511,0.000150269
'hous','pneu',1990,543,0.000159679
'hous','pneu',1991,496,0.000145858
'hous','pneu',1992,456,0.000134095
'hous','pneu',1993,421,0.000123802
'hous','pneu',1994,438,0.000128802
'hous','pneu',1995,441,0.000129684
'hous','pneu',1996,500,0.000147034
'hous','pneu',1997,526,0.00015468
'hous','pneu',1998,536,0.00015762
'hous','pneu',1999,427,0.000125567
'hous','pneu',2000,464,0.000136447
'hunt','pneu',1987,23,8.31E-05
'hunt','pneu',1988,32,0.000115649
'hunt','pneu',1989,40,0.000144561
'hunt','pneu',1990,36,0.000130105
'hunt','pneu',1991,46,0.000166245
'hunt','pneu',1992,44,0.000159017
'hunt','pneu',1993,40,0.000144561
'hunt','pneu',1994,33,0.000119263
'hunt','pneu',1995,40,0.000144561
'hunt','pneu',1996,44,0.000159017
'hunt','pneu',1997,47,0.000169859
'hunt','pneu',1998,50,0.000180701
'hunt','pneu',1999,57,0.000205999
'hunt','pneu',2000,45,0.000162631
'indi','pneu',1987,223,0.000259166
'indi','pneu',1988,205,0.000238246
'indi','pneu',1989,207,0.000240571
'indi','pneu',1990,250,0.000290544
'indi','pneu',1991,257,0.00029868
'indi','pneu',1992,266,0.000309139
'indi','pneu',1993,293,0.000340518
'indi','pneu',1994,281,0.000326572
'indi','pneu',1995,305,0.000354464
'indi','pneu',1996,282,0.000327734
'indi','pneu',1997,306,0.000355626
'indi','pneu',1998,301,0.000349815
'indi','pneu',1999,226,0.000262652
'indi','pneu',2000,203,0.000235922
'jcks','pneu',1987,69,0.00027512
'jcks','pneu',1988,58,0.00023126
'jcks','pneu',1989,83,0.000330941
'jcks','pneu',1990,75,0.000299043
'jcks','pneu',1991,68,0.000271132
'jcks','pneu',1992,76,0.00030303
'jcks','pneu',1993,111,0.000442584
'jcks','pneu',1994,95,0.000378788
'jcks','pneu',1995,75,0.000299043
'jcks','pneu',1996,81,0.000322967
'jcks','pneu',1997,84,0.000334928
'jcks','pneu',1998,98,0.00039075
'jcks','pneu',1999,76,0.00030303
'jcks','pneu',2000,61,0.000243222
'jckv','pneu',1987,158,0.000202856
'jckv','pneu',1988,148,0.000190017
'jckv','pneu',1989,163,0.000209275
'jckv','pneu',1990,169,0.000216979
'jckv','pneu',1991,180,0.000231101
'jckv','pneu',1992,155,0.000199004
'jckv','pneu',1993,189,0.000242656
'jckv','pneu',1994,208,0.00026705
'jckv','pneu',1995,222,0.000285025
'jckv','pneu',1996,215,0.000276038
'jckv','pneu',1997,228,0.000292728
'jckv','pneu',1998,245,0.000314555
'jckv','pneu',1999,194,0.000249076
'jckv','pneu',2000,213,0.00027347
'jers','pneu',1987,156,0.000256168
'jers','pneu',1988,182,0.000298863
'jers','pneu',1989,123,0.000201979
'jers','pneu',1990,145,0.000238105
'jers','pneu',1991,119,0.00019541
'jers','pneu',1992,114,0.0001872
'jers','pneu',1993,147,0.000241389
'jers','pneu',1994,130,0.000213473
'jers','pneu',1995,133,0.0002184
'jers','pneu',1996,163,0.000267663
'jers','pneu',1997,136,0.000223326
'jers','pneu',1998,136,0.000223326
'jers','pneu',1999,103,0.000169137
'jers','pneu',2000,127,0.000208547
'john','pneu',1987,46,0.000301446
'john','pneu',1988,43,0.000281786
'john','pneu',1989,43,0.000281786
'john','pneu',1990,29,0.000190042
'john','pneu',1991,58,0.000380084
'john','pneu',1992,72,0.000471828
'john','pneu',1993,54,0.000353871
'john','pneu',1994,57,0.00037353
'john','pneu',1995,79,0.0005177
'john','pneu',1996,70,0.000458722
'john','pneu',1997,66,0.000432509
'john','pneu',1998,68,0.000445615
'john','pneu',1999,47,0.000307999
'john','pneu',2000,48,0.000314552
'kan','pneu',1987,250,0.000273922
'kan','pneu',1988,256,0.000280497
'kan','pneu',1989,274,0.000300219
'kan','pneu',1990,292,0.000319941
'kan','pneu',1991,286,0.000313367
'kan','pneu',1992,292,0.000319941
'kan','pneu',1993,318,0.000348429
'kan','pneu',1994,346,0.000379109
'kan','pneu',1995,382,0.000418554
'kan','pneu',1996,352,0.000385683
'kan','pneu',1997,338,0.000370343
'kan','pneu',1998,343,0.000375822
'kan','pneu',1999,268,0.000293645
'kan','pneu',2000,260,0.000284879
'kans','pneu',1987,44,0.000278689
'kans','pneu',1988,40,0.000253354
'kans','pneu',1989,42,0.000266021
'kans','pneu',1990,49,0.000310358
'kans','pneu',1991,42,0.000266021
'kans','pneu',1992,40,0.000253354
'kans','pneu',1993,60,0.000380031
'kans','pneu',1994,56,0.000354695
'kans','pneu',1995,33,0.000209017
'kans','pneu',1996,38,0.000240686
'kans','pneu',1997,37,0.000234352
'kans','pneu',1998,33,0.000209017
'kans','pneu',1999,40,0.000253354
'kans','pneu',2000,37,0.000234352
'king','pneu',1987,42,0.000236288
'king','pneu',1988,35,0.000196907
'king','pneu',1989,50,0.000281296
'king','pneu',1990,31,0.000174403
'king','pneu',1991,37,0.000208159
'king','pneu',1992,32,0.000180029
'king','pneu',1993,37,0.000208159
'king','pneu',1994,39,0.000219411
'king','pneu',1995,48,0.000270044
'king','pneu',1996,47,0.000264418
'king','pneu',1997,50,0.000281296
'king','pneu',1998,49,0.00027567
'king','pneu',1999,33,0.000185655
'king','pneu',2000,47,0.000264418
'knox','pneu',1987,70,0.000183231
'knox','pneu',1988,108,0.000282699
'knox','pneu',1989,79,0.000206789
'knox','pneu',1990,81,0.000212024
'knox','pneu',1991,93,0.000243435
'knox','pneu',1992,88,0.000230347
'knox','pneu',1993,108,0.000282699
'knox','pneu',1994,100,0.000261758
'knox','pneu',1995,104,0.000272229
'knox','pneu',1996,114,0.000298404
'knox','pneu',1997,111,0.000290552
'knox','pneu',1998,144,0.000376932
'knox','pneu',1999,113,0.000295787
'knox','pneu',2000,115,0.000301022
'la','pneu',1987,2383,0.000250333
'la','pneu',1988,2669,0.000280377
'la','pneu',1989,2932,0.000308005
'la','pneu',1990,2634,0.0002767
'la','pneu',1991,2591,0.000272183
'la','pneu',1992,2721,0.000285839
'la','pneu',1993,2787,0.000292772
'la','pneu',1994,2730,0.000286785
'la','pneu',1995,2789,0.000292983
'la','pneu',1996,2831,0.000297395
'la','pneu',1997,3170,0.000333006
'la','pneu',1998,3399,0.000357063
'la','pneu',1999,1352,0.000142027
'la','pneu',2000,2345,0.000246341
'lafy','pneu',1987,19,9.97E-05
'lafy','pneu',1988,38,0.000199472
'lafy','pneu',1989,21,0.000110234
'lafy','pneu',1990,25,0.000131232
'lafy','pneu',1991,30,0.000157478
'lafy','pneu',1992,46,0.000241466
'lafy','pneu',1993,47,0.000246715
'lafy','pneu',1994,28,0.000146979
'lafy','pneu',1995,30,0.000157478
'lafy','pneu',1996,26,0.000136481
'lafy','pneu',1997,36,0.000188973
'lafy','pneu',1998,37,0.000194223
'lafy','pneu',1999,44,0.000230967
'lafy','pneu',2000,30,0.000157478
'lasv','pneu',1987,104,7.56E-05
'lasv','pneu',1988,137,9.96E-05
'lasv','pneu',1989,162,0.000117753
'lasv','pneu',1990,132,9.59E-05
'lasv','pneu',1991,137,9.96E-05
'lasv','pneu',1992,184,0.000133744
'lasv','pneu',1993,206,0.000149735
'lasv','pneu',1994,216,0.000157004
'lasv','pneu',1995,238,0.000172995
'lasv','pneu',1996,264,0.000191893
'lasv','pneu',1997,289,0.000210065
'lasv','pneu',1998,283,0.000205704
'lasv','pneu',1999,274,0.000199162
'lasv','pneu',2000,278,0.000202069
'lex','pneu',1987,47,0.000180414
'lex','pneu',1988,46,0.000176575
'lex','pneu',1989,50,0.00019193
'lex','pneu',1990,72,0.000276379
'lex','pneu',1991,65,0.000249509
'lex','pneu',1992,73,0.000280217
'lex','pneu',1993,93,0.000356989
'lex','pneu',1994,81,0.000310926
'lex','pneu',1995,68,0.000261024
'lex','pneu',1996,67,0.000257186
'lex','pneu',1997,75,0.000287895
'lex','pneu',1998,69,0.000264863
'lex','pneu',1999,66,0.000253347
'lex','pneu',2000,63,0.000241831
'linc','pneu',1987,48,0.000191777
'linc','pneu',1988,50,0.000199767
'linc','pneu',1989,46,0.000183786
'linc','pneu',1990,49,0.000195772
'linc','pneu',1991,47,0.000187781
'linc','pneu',1992,42,0.000167805
'linc','pneu',1993,54,0.000215749
'linc','pneu',1994,69,0.000275679
'linc','pneu',1995,45,0.000179791
'linc','pneu',1996,49,0.000195772
'linc','pneu',1997,39,0.000155819
'linc','pneu',1998,54,0.000215749
'linc','pneu',1999,36,0.000143833
'linc','pneu',2000,50,0.000199767
'lkch','pneu',1987,37,0.00020155
'lkch','pneu',1988,50,0.000272365
'lkch','pneu',1989,26,0.00014163
'lkch','pneu',1990,32,0.000174314
'lkch','pneu',1991,41,0.00022334
'lkch','pneu',1992,51,0.000277813
'lkch','pneu',1993,41,0.00022334
'lkch','pneu',1994,45,0.000245129
'lkch','pneu',1995,32,0.000174314
'lkch','pneu',1996,43,0.000234234
'lkch','pneu',1997,54,0.000294154
'lkch','pneu',1998,59,0.000321391
'lkch','pneu',1999,57,0.000310496
'lkch','pneu',2000,40,0.000217892
'loui','pneu',1987,185,0.000266723
'loui','pneu',1988,219,0.000315742
'loui','pneu',1989,227,0.000327276
'loui','pneu',1990,235,0.00033881
'loui','pneu',1991,250,0.000360436
'loui','pneu',1992,265,0.000382062
'loui','pneu',1993,262,0.000377737
'loui','pneu',1994,302,0.000435407
'loui','pneu',1995,262,0.000377737
'loui','pneu',1996,261,0.000376295
'loui','pneu',1997,217,0.000312859
'loui','pneu',1998,289,0.000416664
'loui','pneu',1999,245,0.000353227
'loui','pneu',2000,248,0.000357553
'ltrk','pneu',1987,106,0.000293244
'ltrk','pneu',1988,102,0.000282178
'ltrk','pneu',1989,96,0.000265579
'ltrk','pneu',1990,119,0.000329208
'ltrk','pneu',1991,117,0.000323675
'ltrk','pneu',1992,116,0.000320908
'ltrk','pneu',1993,110,0.00030431
'ltrk','pneu',1994,125,0.000345806
'ltrk','pneu',1995,99,0.000273879
'ltrk','pneu',1996,112,0.000309842
'ltrk','pneu',1997,117,0.000323675
'ltrk','pneu',1998,115,0.000318142
'ltrk','pneu',1999,71,0.000196418
'ltrk','pneu',2000,85,0.000235148
'lubb','pneu',1987,34,0.000140132
'lubb','pneu',1988,60,0.000247292
'lubb','pneu',1989,53,0.000218441
'lubb','pneu',1990,52,0.00021432
'lubb','pneu',1991,43,0.000177226
'lubb','pneu',1992,43,0.000177226
'lubb','pneu',1993,62,0.000255535
'lubb','pneu',1994,45,0.000185469
'lubb','pneu',1995,34,0.000140132
'lubb','pneu',1996,47,0.000193712
'lubb','pneu',1997,74,0.000304994
'lubb','pneu',1998,80,0.000329723
'lubb','pneu',1999,59,0.000243171
'lubb','pneu',2000,61,0.000251414
'madi','pneu',1987,70,0.000164117
'madi','pneu',1988,95,0.00022273
'madi','pneu',1989,81,0.000189906
'madi','pneu',1990,66,0.000154739
'madi','pneu',1991,88,0.000206318
'madi','pneu',1992,81,0.000189906
'madi','pneu',1993,115,0.00026962
'madi','pneu',1994,104,0.00024383
'madi','pneu',1995,99,0.000232108
'madi','pneu',1996,109,0.000255553
'madi','pneu',1997,112,0.000262587
'madi','pneu',1998,135,0.000316511
'madi','pneu',1999,105,0.000246175
'madi','pneu',2000,97,0.000227419
'memp','pneu',1987,215,0.000239562
'memp','pneu',1988,242,0.000269646
'memp','pneu',1989,294,0.000327587
'memp','pneu',1990,288,0.000320901
'memp','pneu',1991,273,0.000304188
'memp','pneu',1992,303,0.000337615
'memp','pneu',1993,335,0.000373271
'memp','pneu',1994,352,0.000392213
'memp','pneu',1995,338,0.000376613
'memp','pneu',1996,359,0.000400012
'memp','pneu',1997,364,0.000405584
'memp','pneu',1998,340,0.000378842
'memp','pneu',1999,235,0.000261847
'memp','pneu',2000,284,0.000316444
'miam','pneu',1987,576,0.000255618
'miam','pneu',1988,560,0.000248518
'miam','pneu',1989,579,0.000256949
'miam','pneu',1990,621,0.000275588
'miam','pneu',1991,524,0.000232541
'miam','pneu',1992,597,0.000264937
'miam','pneu',1993,636,0.000282245
'miam','pneu',1994,614,0.000272482
'miam','pneu',1995,622,0.000276032
'miam','pneu',1996,615,0.000272926
'miam','pneu',1997,612,0.000271594
'miam','pneu',1998,653,0.000289789
'miam','pneu',1999,587,0.0002605
'miam','pneu',2000,512,0.000227216
'milw','pneu',1987,375,0.000398867
'milw','pneu',1988,454,0.000482894
'milw','pneu',1989,370,0.000393548
'milw','pneu',1990,400,0.000425458
'milw','pneu',1991,450,0.00047864
'milw','pneu',1992,372,0.000395676
'milw','pneu',1993,397,0.000422267
'milw','pneu',1994,396,0.000421203
'milw','pneu',1995,386,0.000410567
'milw','pneu',1996,409,0.00043503
'milw','pneu',1997,339,0.000360575
'milw','pneu',1998,365,0.00038823
'milw','pneu',1999,330,0.000351003
'milw','pneu',2000,304,0.000323348
'minn','pneu',1987,484,0.000297437
'minn','pneu',1988,484,0.000297437
'minn','pneu',1989,450,0.000276543
'minn','pneu',1990,483,0.000296823
'minn','pneu',1991,526,0.000323248
'minn','pneu',1992,483,0.000296823
'minn','pneu',1993,530,0.000325706
'minn','pneu',1994,514,0.000315873
'minn','pneu',1995,521,0.000320175
'minn','pneu',1996,468,0.000287604
'minn','pneu',1997,511,0.00031403
'minn','pneu',1998,526,0.000323248
'minn','pneu',1999,366,0.000224921
'minn','pneu',2000,327,0.000200954
'mobi','pneu',1987,57,0.000142556
'mobi','pneu',1988,75,0.000187574
'mobi','pneu',1989,72,0.000180071
'mobi','pneu',1990,83,0.000207581
'mobi','pneu',1991,93,0.000232591
'mobi','pneu',1992,102,0.0002551
'mobi','pneu',1993,90,0.000225088
'mobi','pneu',1994,93,0.000232591
'mobi','pneu',1995,93,0.000232591
'mobi','pneu',1996,86,0.000215084
'mobi','pneu',1997,92,0.00023009
'mobi','pneu',1998,109,0.000272607
'mobi','pneu',1999,116,0.000290114
'mobi','pneu',2000,133,0.000332631
'mode','pneu',1987,147,0.000328861
'mode','pneu',1988,176,0.000393739
'mode','pneu',1989,219,0.000489936
'mode','pneu',1990,237,0.000530205
'mode','pneu',1991,200,0.00044743
'mode','pneu',1992,209,0.000467565
'mode','pneu',1993,188,0.000420584
'mode','pneu',1994,248,0.000554814
'mode','pneu',1995,226,0.000505596
'mode','pneu',1996,215,0.000480988
'mode','pneu',1997,226,0.000505596
'mode','pneu',1998,254,0.000568236
'mode','pneu',1999,66,0.000147652
'mode','pneu',2000,140,0.000313201
'musk','pneu',1987,39,0.000229142
'musk','pneu',1988,33,0.00019389
'musk','pneu',1989,41,0.000240893
'musk','pneu',1990,43,0.000252644
'musk','pneu',1991,35,0.00020564
'musk','pneu',1992,38,0.000223267
'musk','pneu',1993,44,0.000258519
'musk','pneu',1994,34,0.000199765
'musk','pneu',1995,56,0.000329025
'musk','pneu',1996,55,0.000323149
'musk','pneu',1997,56,0.000329025
'musk','pneu',1998,54,0.000317274
'musk','pneu',1999,60,0.000352526
'musk','pneu',2000,44,0.000258519
'nash','pneu',1987,160,0.000280755
'nash','pneu',1988,184,0.000322869
'nash','pneu',1989,170,0.000298303
'nash','pneu',1990,193,0.000338661
'nash','pneu',1991,199,0.00034919
'nash','pneu',1992,216,0.00037902
'nash','pneu',1993,195,0.000342171
'nash','pneu',1994,233,0.00040885
'nash','pneu',1995,220,0.000386039
'nash','pneu',1996,207,0.000363227
'nash','pneu',1997,242,0.000424643
'nash','pneu',1998,242,0.000424643
'nash','pneu',1999,162,0.000284265
'nash','pneu',2000,140,0.000245661
'new','pneu',1987,43,0.00023869
'new','pneu',1988,37,0.000205384
'new','pneu',1989,28,0.000155426
'new','pneu',1990,36,0.000199833
'new','pneu',1991,36,0.000199833
'new','pneu',1992,31,0.000172079
'new','pneu',1993,36,0.000199833
'new','pneu',1994,38,0.000210935
'new','pneu',1995,25,0.000138773
'new','pneu',1996,29,0.000160977
'new','pneu',1997,28,0.000155426
'new','pneu',1998,43,0.00023869
'new','pneu',1999,18,9.99E-05
'new','pneu',2000,20,0.000111019
'no','pneu',1987,86,0.000177439
'no','pneu',1988,108,0.00022283
'no','pneu',1989,108,0.00022283
'no','pneu',1990,107,0.000220767
'no','pneu',1991,106,0.000218704
'no','pneu',1992,117,0.000241399
'no','pneu',1993,100,0.000206324
'no','pneu',1994,102,0.000210451
'no','pneu',1995,97,0.000200135
'no','pneu',1996,95,0.000196008
'no','pneu',1997,85,0.000175376
'no','pneu',1998,81,0.000167123
'no','pneu',1999,87,0.000179502
'no','pneu',2000,84,0.000173312
'nor','pneu',1987,57,0.000243171
'nor','pneu',1988,75,0.000319962
'nor','pneu',1989,58,0.000247437
'nor','pneu',1990,50,0.000213308
'nor','pneu',1991,53,0.000226106
'nor','pneu',1992,55,0.000234639
'nor','pneu',1993,68,0.000290099
'nor','pneu',1994,44,0.000187711
'nor','pneu',1995,73,0.000311429
'nor','pneu',1996,73,0.000311429
'nor','pneu',1997,55,0.000234639
'nor','pneu',1998,65,0.0002773
'nor','pneu',1999,65,0.0002773
'nor','pneu',2000,48,0.000204776
'nwk','pneu',1987,256,0.000322567
'nwk','pneu',1988,287,0.000361628
'nwk','pneu',1989,257,0.000323827
'nwk','pneu',1990,275,0.000346508
'nwk','pneu',1991,229,0.000288546
'nwk','pneu',1992,232,0.000292327
'nwk','pneu',1993,214,0.000269646
'nwk','pneu',1994,219,0.000275946
'nwk','pneu',1995,232,0.000292327
'nwk','pneu',1996,244,0.000307447
'nwk','pneu',1997,213,0.000268386
'nwk','pneu',1998,218,0.000274686
'nwk','pneu',1999,172,0.000216725
'nwk','pneu',2000,176,0.000221765
'ny','pneu',1987,3607,0.000403841
'ny','pneu',1988,3918,0.00043866
'ny','pneu',1989,3861,0.000432279
'ny','pneu',1990,4003,0.000448177
'ny','pneu',1991,3403,0.000381001
'ny','pneu',1992,2847,0.000318751
'ny','pneu',1993,3122,0.00034954
'ny','pneu',1994,2736,0.000306323
'ny','pneu',1995,2840,0.000317967
'ny','pneu',1996,2893,0.000323901
'ny','pneu',1997,2808,0.000314385
'ny','pneu',1998,2920,0.000326924
'ny','pneu',1999,2788,0.000312145
'ny','pneu',2000,2710,0.000303412
'oakl','pneu',1987,344,0.00023827
'oakl','pneu',1988,346,0.000239655
'oakl','pneu',1989,405,0.000280521
'oakl','pneu',1990,377,0.000261127
'oakl','pneu',1991,391,0.000270824
'oakl','pneu',1992,374,0.000259049
'oakl','pneu',1993,455,0.000315153
'oakl','pneu',1994,406,0.000281214
'oakl','pneu',1995,427,0.000295759
'oakl','pneu',1996,437,0.000302686
'oakl','pneu',1997,526,0.000364331
'oakl','pneu',1998,534,0.000369872
'oakl','pneu',1999,165,0.000114286
'oakl','pneu',2000,354,0.000245196
'okla','pneu',1987,167,0.000252859
'okla','pneu',1988,165,0.00024983
'okla','pneu',1989,188,0.000284655
'okla','pneu',1990,225,0.000340678
'okla','pneu',1991,203,0.000307367
'okla','pneu',1992,228,0.00034522
'okla','pneu',1993,235,0.000355819
'okla','pneu',1994,253,0.000383073
'okla','pneu',1995,214,0.000324022
'okla','pneu',1996,211,0.00031948
'okla','pneu',1997,244,0.000369446
'okla','pneu',1998,274,0.00041487
'okla','pneu',1999,219,0.000331593
'okla','pneu',2000,151,0.000228633
'olym','pneu',1987,30,0.000144679
'olym','pneu',1988,39,0.000188083
'olym','pneu',1989,31,0.000149502
'olym','pneu',1990,28,0.000135034
'olym','pneu',1991,44,0.000212196
'olym','pneu',1992,61,0.000294181
'olym','pneu',1993,40,0.000192906
'olym','pneu',1994,38,0.000183261
'olym','pneu',1995,44,0.000212196
'olym','pneu',1996,37,0.000178438
'olym','pneu',1997,48,0.000231487
'olym','pneu',1998,48,0.000231487
'olym','pneu',1999,21,0.000101276
'olym','pneu',2000,38,0.000183261
'oma','pneu',1987,134,0.000289052
'oma','pneu',1988,162,0.00034945
'oma','pneu',1989,146,0.000314937
'oma','pneu',1990,131,0.00028258
'oma','pneu',1991,145,0.00031278
'oma','pneu',1992,121,0.000261009
'oma','pneu',1993,142,0.000306308
'oma','pneu',1994,124,0.000267481
'oma','pneu',1995,133,0.000286895
'oma','pneu',1996,127,0.000273952
'oma','pneu',1997,144,0.000310623
'oma','pneu',1998,159,0.000342979
'oma','pneu',1999,116,0.000250224
'oma','pneu',2000,111,0.000239438
'orla','pneu',1987,102,0.000113796
'orla','pneu',1988,135,0.000150612
'orla','pneu',1989,120,0.000133877
'orla','pneu',1990,121,0.000134993
'orla','pneu',1991,144,0.000160653
'orla','pneu',1992,135,0.000150612
'orla','pneu',1993,143,0.000159537
'orla','pneu',1994,157,0.000175156
'orla','pneu',1995,152,0.000169578
'orla','pneu',1996,173,0.000193006
'orla','pneu',1997,155,0.000172925
'orla','pneu',1998,195,0.00021755
'orla','pneu',1999,167,0.000186312
'orla','pneu',2000,164,0.000182965
'phil','pneu',1987,583,0.000384172
'phil','pneu',1988,602,0.000396692
'phil','pneu',1989,646,0.000425686
'phil','pneu',1990,608,0.000400646
'phil','pneu',1991,511,0.000336727
'phil','pneu',1992,533,0.000351224
'phil','pneu',1993,602,0.000396692
'phil','pneu',1994,543,0.000357814
'phil','pneu',1995,558,0.000367698
'phil','pneu',1996,531,0.000349906
'phil','pneu',1997,565,0.000372311
'phil','pneu',1998,604,0.00039801
'phil','pneu',1999,478,0.000314981
'phil','pneu',2000,498,0.000328161
'phoe','pneu',1987,533,0.000173494
'phoe','pneu',1988,623,0.00020279
'phoe','pneu',1989,659,0.000214508
'phoe','pneu',1990,735,0.000239246
'phoe','pneu',1991,707,0.000230132
'phoe','pneu',1992,650,0.000211578
'phoe','pneu',1993,735,0.000239246
'phoe','pneu',1994,734,0.000238921
'phoe','pneu',1995,695,0.000226226
'phoe','pneu',1996,737,0.000239897
'phoe','pneu',1997,745,0.000242501
'phoe','pneu',1998,835,0.000271797
'phoe','pneu',1999,748,0.000243478
'phoe','pneu',2000,814,0.000264961
'pitt','pneu',1987,436,0.000340182
'pitt','pneu',1988,484,0.000377633
'pitt','pneu',1989,469,0.00036593
'pitt','pneu',1990,534,0.000416645
'pitt','pneu',1991,542,0.000422887
'pitt','pneu',1992,528,0.000411964
'pitt','pneu',1993,595,0.00046424
'pitt','pneu',1994,620,0.000483745
'pitt','pneu',1995,577,0.000450195
'pitt','pneu',1996,664,0.000518076
'pitt','pneu',1997,635,0.000495449
'pitt','pneu',1998,618,0.000482185
'pitt','pneu',1999,512,0.00039948
'pitt','pneu',2000,478,0.000372952
'port','pneu',1987,267,0.0002673
'port','pneu',1988,306,0.000306344
'port','pneu',1989,310,0.000310349
'port','pneu',1990,343,0.000343386
'port','pneu',1991,267,0.0002673
'port','pneu',1992,267,0.0002673
'port','pneu',1993,335,0.000335377
'port','pneu',1994,303,0.000303341
'port','pneu',1995,339,0.000339381
'port','pneu',1996,308,0.000308346
'port','pneu',1997,281,0.000281316
'port','pneu',1998,338,0.00033838
'port','pneu',1999,248,0.000248279
'port','pneu',2000,226,0.000226254
'prov','pneu',1987,207,0.000333011
'prov','pneu',1988,186,0.000299227
'prov','pneu',1989,184,0.000296009
'prov','pneu',1990,194,0.000312097
'prov','pneu',1991,227,0.000365185
'prov','pneu',1992,199,0.000320141
'prov','pneu',1993,205,0.000329793
'prov','pneu',1994,182,0.000292792
'prov','pneu',1995,199,0.000320141
'prov','pneu',1996,224,0.000360359
'prov','pneu',1997,195,0.000313706
'prov','pneu',1998,224,0.000360359
'prov','pneu',1999,204,0.000328184
'prov','pneu',2000,227,0.000365185
'ral','pneu',1987,269,0.000428449
'ral','pneu',1988,272,0.000433227
'ral','pneu',1989,228,0.000363146
'ral','pneu',1990,254,0.000404558
'ral','pneu',1991,213,0.000339255
'ral','pneu',1992,237,0.000377481
'ral','pneu',1993,249,0.000396594
'ral','pneu',1994,227,0.000361554
'ral','pneu',1995,241,0.000383852
'ral','pneu',1996,202,0.000321735
'ral','pneu',1997,234,0.000372703
'ral','pneu',1998,254,0.000404558
'ral','pneu',1999,188,0.000299436
'ral','pneu',2000,213,0.000339255
'rich','pneu',1987,62,0.000313464
'rich','pneu',1988,80,0.000404469
'rich','pneu',1989,78,0.000394358
'rich','pneu',1990,72,0.000364022
'rich','pneu',1991,57,0.000288184
'rich','pneu',1992,52,0.000262905
'rich','pneu',1993,70,0.000353911
'rich','pneu',1994,44,0.000222458
'rich','pneu',1995,56,0.000283129
'rich','pneu',1996,70,0.000353911
'rich','pneu',1997,68,0.000343799
'rich','pneu',1998,60,0.000303352
'rich','pneu',1999,68,0.000343799
'rich','pneu',2000,43,0.000217402
'rive','pneu',1987,306,0.000198009
'rive','pneu',1988,377,0.000243952
'rive','pneu',1989,465,0.000300896
'rive','pneu',1990,411,0.000265953
'rive','pneu',1991,334,0.000216127
'rive','pneu',1992,340,0.00022001
'rive','pneu',1993,402,0.000260129
'rive','pneu',1994,326,0.00021095
'rive','pneu',1995,398,0.000257541
'rive','pneu',1996,374,0.000242011
'rive','pneu',1997,425,0.000275012
'rive','pneu',1998,451,0.000291836
'rive','pneu',1999,153,9.90E-05
'rive','pneu',2000,307,0.000198656
'roch','pneu',1987,283,0.000384854
'roch','pneu',1988,283,0.000384854
'roch','pneu',1989,315,0.000428372
'roch','pneu',1990,301,0.000409333
'roch','pneu',1991,336,0.00045693
'roch','pneu',1992,286,0.000388934
'roch','pneu',1993,367,0.000499087
'roch','pneu',1994,315,0.000428372
'roch','pneu',1995,334,0.00045421
'roch','pneu',1996,317,0.000431091
'roch','pneu',1997,338,0.000459649
'roch','pneu',1998,362,0.000492287
'roch','pneu',1999,320,0.000435171
'roch','pneu',2000,267,0.000363096
'sacr','pneu',1987,227,0.000185533
'sacr','pneu',1988,273,0.000223131
'sacr','pneu',1989,294,0.000240294
'sacr','pneu',1990,307,0.00025092
'sacr','pneu',1991,318,0.00025991
'sacr','pneu',1992,366,0.000299142
'sacr','pneu',1993,363,0.00029669
'sacr','pneu',1994,460,0.000375971
'sacr','pneu',1995,591,0.000483041
'sacr','pneu',1996,561,0.000458521
'sacr','pneu',1997,609,0.000497753
'sacr','pneu',1998,672,0.000549244
'sacr','pneu',1999,219,0.000178995
'sacr','pneu',2000,367,0.000299959
'salt','pneu',1987,130,0.000144704
'salt','pneu',1988,155,0.000172531
'salt','pneu',1989,133,0.000148043
'salt','pneu',1990,120,0.000133573
'salt','pneu',1991,152,0.000169192
'salt','pneu',1992,165,0.000183662
'salt','pneu',1993,218,0.000242657
'salt','pneu',1994,196,0.000218169
'salt','pneu',1995,215,0.000239318
'salt','pneu',1996,194,0.000215943
'salt','pneu',1997,239,0.000266032
'salt','pneu',1998,204,0.000227074
'salt','pneu',1999,183,0.000203698
'salt','pneu',2000,195,0.000217056
'sana','pneu',1987,303,0.000217527
'sana','pneu',1988,328,0.000235475
'sana','pneu',1989,339,0.000243372
'sana','pneu',1990,347,0.000249115
'sana','pneu',1991,331,0.000237628
'sana','pneu',1992,339,0.000243372
'sana','pneu',1993,299,0.000214655
'sana','pneu',1994,306,0.000219681
'sana','pneu',1995,296,0.000212502
'sana','pneu',1996,278,0.000199579
'sana','pneu',1997,329,0.000236193
'sana','pneu',1998,322,0.000231167
'sana','pneu',1999,288,0.000206758
'sana','pneu',2000,286,0.000205322
'sanb','pneu',1987,371,0.000217031
'sanb','pneu',1988,410,0.000239845
'sanb','pneu',1989,438,0.000256225
'sanb','pneu',1990,338,0.000197726
'sanb','pneu',1991,340,0.000198896
'sanb','pneu',1992,319,0.000186611
'sanb','pneu',1993,373,0.000218201
'sanb','pneu',1994,348,0.000203576
'sanb','pneu',1995,329,0.000192461
'sanb','pneu',1996,357,0.000208841
'sanb','pneu',1997,428,0.000250375
'sanb','pneu',1998,463,0.00027085
'sanb','pneu',1999,125,7.31E-05
'sanb','pneu',2000,305,0.000178422
'sand','pneu',1987,564,0.000200438
'sand','pneu',1988,689,0.000244862
'sand','pneu',1989,751,0.000266896
'sand','pneu',1990,716,0.000254457
'sand','pneu',1991,728,0.000258722
'sand','pneu',1992,824,0.000292839
'sand','pneu',1993,859,0.000305278
'sand','pneu',1994,831,0.000295327
'sand','pneu',1995,794,0.000282177
'sand','pneu',1996,992,0.000352544
'sand','pneu',1997,1046,0.000371735
'sand','pneu',1998,1104,0.000392347
'sand','pneu',1999,379,0.000134692
'sand','pneu',2000,830,0.000294971
'sanf','pneu',1987,275,0.000354047
'sanf','pneu',1988,288,0.000370784
'sanf','pneu',1989,333,0.000428719
'sanf','pneu',1990,308,0.000396533
'sanf','pneu',1991,317,0.00040812
'sanf','pneu',1992,289,0.000372071
'sanf','pneu',1993,317,0.00040812
'sanf','pneu',1994,312,0.000401682
'sanf','pneu',1995,357,0.000459617
'sanf','pneu',1996,342,0.000440306
'sanf','pneu',1997,384,0.000494378
'sanf','pneu',1998,420,0.000540726
'sanf','pneu',1999,134,0.000172517
'sanf','pneu',2000,244,0.000314136
'sanj','pneu',1987,278,0.000165222
'sanj','pneu',1988,303,0.00018008
'sanj','pneu',1989,339,0.000201476
'sanj','pneu',1990,325,0.000193155
'sanj','pneu',1991,398,0.000236541
'sanj','pneu',1992,422,0.000250805
'sanj','pneu',1993,484,0.000287653
'sanj','pneu',1994,481,0.00028587
'sanj','pneu',1995,469,0.000278738
'sanj','pneu',1996,559,0.000332227
'sanj','pneu',1997,592,0.00035184
'sanj','pneu',1998,561,0.000333416
'sanj','pneu',1999,196,0.000116487
'sanj','pneu',2000,372,0.000221088
'seat','pneu',1987,375,0.000215885
'seat','pneu',1988,389,0.000223945
'seat','pneu',1989,451,0.000259638
'seat','pneu',1990,421,0.000242367
'seat','pneu',1991,405,0.000233156
'seat','pneu',1992,427,0.000245821
'seat','pneu',1993,498,0.000286696
'seat','pneu',1994,483,0.00027806
'seat','pneu',1995,481,0.000276909
'seat','pneu',1996,503,0.000289574
'seat','pneu',1997,549,0.000316056
'seat','pneu',1998,583,0.00033563
'seat','pneu',1999,463,0.000266546
'seat','pneu',2000,441,0.000253881
'shr','pneu',1987,88,0.000251091
'shr','pneu',1988,112,0.00031957
'shr','pneu',1989,108,0.000308157
'shr','pneu',1990,98,0.000279624
'shr','pneu',1991,83,0.000236824
'shr','pneu',1992,96,0.000273917
'shr','pneu',1993,94,0.00026821
'shr','pneu',1994,151,0.000430849
'shr','pneu',1995,132,0.000376636
'shr','pneu',1996,153,0.000436555
'shr','pneu',1997,110,0.000313863
'shr','pneu',1998,105,0.000299597
'shr','pneu',1999,98,0.000279624
'shr','pneu',2000,100,0.00028533
'spok','pneu',1987,108,0.000258411
'spok','pneu',1988,126,0.000301479
'spok','pneu',1989,115,0.00027516
'spok','pneu',1990,116,0.000277552
'spok','pneu',1991,151,0.000361297
'spok','pneu',1992,122,0.000291909
'spok','pneu',1993,160,0.000382831
'spok','pneu',1994,140,0.000334977
'spok','pneu',1995,156,0.00037326
'spok','pneu',1996,175,0.000418721
'spok','pneu',1997,188,0.000449826
'spok','pneu',1998,184,0.000440256
'spok','pneu',1999,123,0.000294301
'spok','pneu',2000,88,0.000210557
'staa','pneu',1987,579,0.000203423
'staa','pneu',1988,604,0.000212206
'staa','pneu',1989,699,0.000245583
'staa','pneu',1990,658,0.000231178
'staa','pneu',1991,646,0.000226962
'staa','pneu',1992,630,0.000221341
'staa','pneu',1993,724,0.000254366
'staa','pneu',1994,600,0.000210801
'staa','pneu',1995,591,0.000207639
'staa','pneu',1996,702,0.000246637
'staa','pneu',1997,824,0.0002895
'staa','pneu',1998,928,0.000326039
'staa','pneu',1999,352,0.00012367
'staa','pneu',2000,606,0.000212909
'stlo','pneu',1987,170,0.000488241
'stlo','pneu',1988,146,0.000419312
'stlo','pneu',1989,149,0.000427929
'stlo','pneu',1990,168,0.000482497
'stlo','pneu',1991,143,0.000410696
'stlo','pneu',1992,158,0.000453777
'stlo','pneu',1993,185,0.000531321
'stlo','pneu',1994,167,0.000479625
'stlo','pneu',1995,164,0.000471009
'stlo','pneu',1996,167,0.000479625
'stlo','pneu',1997,144,0.000413568
'stlo','pneu',1998,133,0.000381976
'stlo','pneu',1999,126,0.000361872
'stlo','pneu',2000,105,0.00030156
'stoc','pneu',1987,107,0.000189852
'stoc','pneu',1988,160,0.00028389
'stoc','pneu',1989,128,0.000227112
'stoc','pneu',1990,159,0.000282116
'stoc','pneu',1991,162,0.000287439
'stoc','pneu',1992,151,0.000267921
'stoc','pneu',1993,149,0.000264373
'stoc','pneu',1994,151,0.000267921
'stoc','pneu',1995,154,0.000273244
'stoc','pneu',1996,176,0.000312279
'stoc','pneu',1997,201,0.000356637
'stoc','pneu',1998,203,0.000360186
'stoc','pneu',1999,74,0.000131299
'stoc','pneu',2000,136,0.000241307
'stpe','pneu',1987,327,0.000354863
'stpe','pneu',1988,350,0.000379823
'stpe','pneu',1989,320,0.000347267
'stpe','pneu',1990,337,0.000365715
'stpe','pneu',1991,366,0.000397186
'stpe','pneu',1992,367,0.000398271
'stpe','pneu',1993,387,0.000419976
'stpe','pneu',1994,428,0.000464469
'stpe','pneu',1995,397,0.000430828
'stpe','pneu',1996,353,0.000383079
'stpe','pneu',1997,384,0.00041672
'stpe','pneu',1998,336,0.00036463
'stpe','pneu',1999,299,0.000324477
'stpe','pneu',2000,345,0.000374397
'syra','pneu',1987,147,0.000323549
'syra','pneu',1988,169,0.000371971
'syra','pneu',1989,149,0.000327951
'syra','pneu',1990,172,0.000378574
'syra','pneu',1991,183,0.000402786
'syra','pneu',1992,148,0.00032575
'syra','pneu',1993,152,0.000334554
'syra','pneu',1994,200,0.000440203
'syra','pneu',1995,203,0.000446806
'syra','pneu',1996,213,0.000468816
'syra','pneu',1997,235,0.000517238
'syra','pneu',1998,247,0.000543651
'syra','pneu',1999,138,0.00030374
'syra','pneu',2000,149,0.000327951
'taco','pneu',1987,79,0.000112725
'taco','pneu',1988,116,0.00016552
'taco','pneu',1989,127,0.000181216
'taco','pneu',1990,153,0.000218316
'taco','pneu',1991,97,0.000138409
'taco','pneu',1992,108,0.000154105
'taco','pneu',1993,153,0.000218316
'taco','pneu',1994,124,0.000176936
'taco','pneu',1995,133,0.000189778
'taco','pneu',1996,144,0.000205474
'taco','pneu',1997,142,0.00020262
'taco','pneu',1998,144,0.000205474
'taco','pneu',1999,133,0.000189778
'taco','pneu',2000,109,0.000155532
'tamp','pneu',1987,253,0.000253266
'tamp','pneu',1988,238,0.000238251
'tamp','pneu',1989,235,0.000235247
'tamp','pneu',1990,238,0.000238251
'tamp','pneu',1991,225,0.000225237
'tamp','pneu',1992,212,0.000212223
'tamp','pneu',1993,188,0.000188198
'tamp','pneu',1994,186,0.000186196
'tamp','pneu',1995,178,0.000178187
'tamp','pneu',1996,203,0.000203214
'tamp','pneu',1997,187,0.000187197
'tamp','pneu',1998,184,0.000184194
'tamp','pneu',1999,149,0.000149157
'tamp','pneu',2000,162,0.000162171
'tole','pneu',1987,123,0.000270298
'tole','pneu',1988,146,0.000320841
'tole','pneu',1989,114,0.00025052
'tole','pneu',1990,125,0.000274693
'tole','pneu',1991,95,0.000208766
'tole','pneu',1992,118,0.00025931
'tole','pneu',1993,128,0.000281285
'tole','pneu',1994,124,0.000272495
'tole','pneu',1995,139,0.000305458
'tole','pneu',1996,154,0.000338421
'tole','pneu',1997,150,0.000329631
'tole','pneu',1998,141,0.000309853
'tole','pneu',1999,107,0.000235137
'tole','pneu',2000,109,0.000239532
'tope','pneu',1987,53,0.000312001
'tope','pneu',1988,77,0.000453285
'tope','pneu',1989,73,0.000429738
'tope','pneu',1990,47,0.000276681
'tope','pneu',1991,72,0.000423851
'tope','pneu',1992,44,0.00025902
'tope','pneu',1993,73,0.000429738
'tope','pneu',1994,85,0.00050038
'tope','pneu',1995,71,0.000417964
'tope','pneu',1996,93,0.000547474
'tope','pneu',1997,75,0.000441511
'tope','pneu',1998,92,0.000541587
'tope','pneu',1999,61,0.000359096
'tope','pneu',2000,57,0.000335549
'tucs','pneu',1987,195,0.000231112
'tucs','pneu',1988,199,0.000235853
'tucs','pneu',1989,218,0.000258372
'tucs','pneu',1990,210,0.00024889
'tucs','pneu',1991,246,0.000291557
'tucs','pneu',1992,236,0.000279705
'tucs','pneu',1993,243,0.000288001
'tucs','pneu',1994,242,0.000286816
'tucs','pneu',1995,247,0.000292742
'tucs','pneu',1996,347,0.000411261
'tucs','pneu',1997,300,0.000355557
'tucs','pneu',1998,336,0.000398224
'tucs','pneu',1999,329,0.000389928
'tucs','pneu',2000,258,0.000305779
'tuls','pneu',1987,130,0.000230783
'tuls','pneu',1988,121,0.000214806
'tuls','pneu',1989,181,0.000321321
'tuls','pneu',1990,146,0.000259187
'tuls','pneu',1991,165,0.000292917
'tuls','pneu',1992,155,0.000275165
'tuls','pneu',1993,187,0.000331973
'tuls','pneu',1994,162,0.000287591
'tuls','pneu',1995,180,0.000319546
'tuls','pneu',1996,175,0.00031067
'tuls','pneu',1997,131,0.000232559
'tuls','pneu',1998,157,0.000278715
'tuls','pneu',1999,122,0.000216581
'tuls','pneu',2000,99,0.00017575
'wich','pneu',1987,84,0.000185484
'wich','pneu',1988,88,0.000194317
'wich','pneu',1989,106,0.000234063
'wich','pneu',1990,94,0.000207566
'wich','pneu',1991,103,0.000227439
'wich','pneu',1992,108,0.00023848
'wich','pneu',1993,112,0.000247312
'wich','pneu',1994,100,0.000220814
'wich','pneu',1995,119,0.000262769
'wich','pneu',1996,137,0.000302516
'wich','pneu',1997,141,0.000311348
'wich','pneu',1998,115,0.000253937
'wich','pneu',1999,85,0.000187692
'wich','pneu',2000,92,0.000203149
'wor','pneu',1987,279,0.000371523
'wor','pneu',1988,323,0.000430114
'wor','pneu',1989,261,0.000347554
'wor','pneu',1990,302,0.00040215
'wor','pneu',1991,317,0.000422125
'wor','pneu',1992,301,0.000400819
'wor','pneu',1993,380,0.000506017
'wor','pneu',1994,396,0.000527323
'wor','pneu',1995,375,0.000499359
'wor','pneu',1996,411,0.000547297
'wor','pneu',1997,384,0.000511343
'wor','pneu',1998,414,0.000551292
'wor','pneu',1999,286,0.000380844
'wor','pneu',2000,304,0.000404814
