'akr','resp',1987,329,0.000606006
'akr','resp',1988,366,0.000674159
'akr','resp',1989,363,0.000668633
'akr','resp',1990,344,0.000633635
'akr','resp',1991,366,0.000674159
'akr','resp',1992,394,0.000725734
'akr','resp',1993,445,0.000819674
'akr','resp',1994,407,0.000749679
'akr','resp',1995,448,0.0008252
'akr','resp',1996,459,0.000845461
'akr','resp',1997,485,0.000893352
'akr','resp',1998,559,0.001029657
'akr','resp',1999,528,0.000972557
'akr','resp',2000,555,0.00102229
'albu','resp',1987,286,0.000513762
'albu','resp',1988,241,0.000432925
'albu','resp',1989,293,0.000526337
'albu','resp',1990,252,0.000452685
'albu','resp',1991,285,0.000511966
'albu','resp',1992,225,0.000404183
'albu','resp',1993,351,0.000630526
'albu','resp',1994,325,0.00058382
'albu','resp',1995,365,0.000655675
'albu','resp',1996,342,0.000614359
'albu','resp',1997,366,0.000657472
'albu','resp',1998,362,0.000650286
'albu','resp',1999,389,0.000698788
'albu','resp',2000,331,0.000594599
'anch','resp',1987,41,0.000157521
'anch','resp',1988,42,0.000161363
'anch','resp',1989,39,0.000149837
'anch','resp',1990,52,0.000199783
'anch','resp',1991,37,0.000142153
'anch','resp',1992,49,0.000188257
'anch','resp',1993,59,0.000226676
'anch','resp',1994,42,0.000161363
'anch','resp',1995,60,0.000230518
'anch','resp',1996,58,0.000222834
'anch','resp',1997,58,0.000222834
'anch','resp',1998,47,0.000180573
'anch','resp',1999,70,0.000268938
'anch','resp',2000,60,0.000230518
'arlv','resp',1987,67,0.00035365
'arlv','resp',1988,71,0.000374763
'arlv','resp',1989,55,0.000290309
'arlv','resp',1990,51,0.000269196
'arlv','resp',1991,58,0.000306145
'arlv','resp',1992,57,0.000300866
'arlv','resp',1993,62,0.000327258
'arlv','resp',1994,62,0.000327258
'arlv','resp',1995,61,0.00032198
'arlv','resp',1996,88,0.000464495
'arlv','resp',1997,59,0.000311423
'arlv','resp',1998,65,0.000343093
'arlv','resp',1999,62,0.000327258
'arlv','resp',2000,81,0.000427547
'atla','resp',1987,543,0.000366429
'atla','resp',1988,605,0.000408268
'atla','resp',1989,681,0.000459554
'atla','resp',1990,637,0.000429862
'atla','resp',1991,625,0.000421764
'atla','resp',1992,607,0.000409617
'atla','resp',1993,692,0.000466977
'atla','resp',1994,707,0.0004771
'atla','resp',1995,639,0.000431212
'atla','resp',1996,707,0.0004771
'atla','resp',1997,680,0.000458879
'atla','resp',1998,729,0.000491946
'atla','resp',1999,637,0.000429862
'atla','resp',2000,624,0.000421089
'aust','resp',1987,324,0.000398877
'aust','resp',1988,342,0.000421037
'aust','resp',1989,320,0.000393953
'aust','resp',1990,368,0.000453046
'aust','resp',1991,308,0.00037918
'aust','resp',1992,331,0.000407495
'aust','resp',1993,309,0.000380411
'aust','resp',1994,326,0.000401339
'aust','resp',1995,359,0.000441966
'aust','resp',1996,379,0.000466588
'aust','resp',1997,368,0.000453046
'aust','resp',1998,373,0.000459201
'aust','resp',1999,385,0.000473974
'aust','resp',2000,372,0.00045797
'bake','resp',1987,394,0.000595485
'bake','resp',1988,419,0.00063327
'bake','resp',1989,422,0.000637804
'bake','resp',1990,462,0.00069826
'bake','resp',1991,494,0.000746624
'bake','resp',1992,438,0.000661986
'bake','resp',1993,480,0.000725465
'bake','resp',1994,461,0.000696748
'bake','resp',1995,440,0.000665009
'bake','resp',1996,519,0.000784409
'bake','resp',1997,497,0.000751158
'bake','resp',1998,581,0.000878114
'bake','resp',1999,443,0.000669543
'bake','resp',2000,512,0.000773829
'balt','resp',1987,527,0.00082972
'balt','resp',1988,589,0.000927334
'balt','resp',1989,602,0.000947802
'balt','resp',1990,523,0.000823422
'balt','resp',1991,523,0.000823422
'balt','resp',1992,507,0.000798232
'balt','resp',1993,563,0.000886399
'balt','resp',1994,549,0.000864357
'balt','resp',1995,562,0.000884825
'balt','resp',1996,593,0.000933632
'balt','resp',1997,579,0.00091159
'balt','resp',1998,510,0.000802955
'balt','resp',1999,469,0.000738404
'balt','resp',2000,452,0.000711638
'batr','resp',1987,136,0.000329416
'batr','resp',1988,141,0.000341527
'batr','resp',1989,147,0.00035606
'batr','resp',1990,147,0.00035606
'batr','resp',1991,154,0.000373015
'batr','resp',1992,150,0.000363326
'batr','resp',1993,151,0.000365749
'batr','resp',1994,181,0.000438414
'batr','resp',1995,182,0.000440836
'batr','resp',1996,163,0.000394815
'batr','resp',1997,178,0.000431147
'batr','resp',1998,164,0.000397237
'batr','resp',1999,174,0.000421459
'batr','resp',2000,195,0.000472324
'bidd','resp',1987,68,0.000364139
'bidd','resp',1988,84,0.000449818
'bidd','resp',1989,71,0.000380204
'bidd','resp',1990,94,0.000503368
'bidd','resp',1991,82,0.000439109
'bidd','resp',1992,82,0.000439109
'bidd','resp',1993,77,0.000412334
'bidd','resp',1994,107,0.000572983
'bidd','resp',1995,87,0.000465883
'bidd','resp',1996,92,0.000492658
'bidd','resp',1997,106,0.000567628
'bidd','resp',1998,121,0.000647953
'bidd','resp',1999,106,0.000567628
'bidd','resp',2000,108,0.000578338
'birm','resp',1987,455,0.000687262
'birm','resp',1988,454,0.000685752
'birm','resp',1989,570,0.000860966
'birm','resp',1990,503,0.000759765
'birm','resp',1991,524,0.000791485
'birm','resp',1992,480,0.000725024
'birm','resp',1993,544,0.000821694
'birm','resp',1994,562,0.000848882
'birm','resp',1995,556,0.00083982
'birm','resp',1996,558,0.00084284
'birm','resp',1997,625,0.000944042
'birm','resp',1998,657,0.000992377
'birm','resp',1999,610,0.000921385
'birm','resp',2000,558,0.00084284
'bost','resp',1987,464,0.000672652
'bost','resp',1988,521,0.000755284
'bost','resp',1989,432,0.000626262
'bost','resp',1990,446,0.000646558
'bost','resp',1991,465,0.000674102
'bost','resp',1992,461,0.000668303
'bost','resp',1993,509,0.000737888
'bost','resp',1994,480,0.000695847
'bost','resp',1995,434,0.000629161
'bost','resp',1996,460,0.000666853
'bost','resp',1997,458,0.000663954
'bost','resp',1998,488,0.000707444
'bost','resp',1999,408,0.00059147
'bost','resp',2000,422,0.000611765
'buff','resp',1987,703,0.000739794
'buff','resp',1988,737,0.000775573
'buff','resp',1989,652,0.000686124
'buff','resp',1990,683,0.000718747
'buff','resp',1991,766,0.000806091
'buff','resp',1992,667,0.000701909
'buff','resp',1993,654,0.000688229
'buff','resp',1994,726,0.000763997
'buff','resp',1995,738,0.000776625
'buff','resp',1996,760,0.000799777
'buff','resp',1997,764,0.000803986
'buff','resp',1998,799,0.000840818
'buff','resp',1999,711,0.000748212
'buff','resp',2000,706,0.000742951
'cayc','resp',1987,54,0.000249984
'cayc','resp',1988,64,0.000296277
'cayc','resp',1989,63,0.000291648
'cayc','resp',1990,79,0.000365717
'cayc','resp',1991,71,0.000328682
'cayc','resp',1992,66,0.000305536
'cayc','resp',1993,87,0.000402752
'cayc','resp',1994,84,0.000388864
'cayc','resp',1995,109,0.000504597
'cayc','resp',1996,107,0.000495338
'cayc','resp',1997,100,0.000462933
'cayc','resp',1998,116,0.000537002
'cayc','resp',1999,115,0.000532373
'cayc','resp',2000,101,0.000467562
'cdrp','resp',1987,97,0.000505996
'cdrp','resp',1988,118,0.000615542
'cdrp','resp',1989,123,0.000641624
'cdrp','resp',1990,116,0.000605109
'cdrp','resp',1991,127,0.00066249
'cdrp','resp',1992,114,0.000594676
'cdrp','resp',1993,147,0.000766819
'cdrp','resp',1994,155,0.000808551
'cdrp','resp',1995,146,0.000761603
'cdrp','resp',1996,115,0.000599893
'cdrp','resp',1997,140,0.000730304
'cdrp','resp',1998,138,0.000719871
'cdrp','resp',1999,163,0.000850282
'cdrp','resp',2000,140,0.000730304
'char','resp',1987,245,0.000352288
'char','resp',1988,292,0.00041987
'char','resp',1989,298,0.000428497
'char','resp',1990,293,0.000421308
'char','resp',1991,293,0.000421308
'char','resp',1992,299,0.000429935
'char','resp',1993,351,0.000504706
'char','resp',1994,308,0.000442876
'char','resp',1995,345,0.000496079
'char','resp',1996,418,0.000601046
'char','resp',1997,380,0.000546406
'char','resp',1998,442,0.000635556
'char','resp',1999,423,0.000608236
'char','resp',2000,375,0.000539216
'chic','resp',1987,3081,0.000573024
'chic','resp',1988,3256,0.000605571
'chic','resp',1989,3521,0.000654858
'chic','resp',1990,3369,0.000626588
'chic','resp',1991,3408,0.000633841
'chic','resp',1992,3184,0.00059218
'chic','resp',1993,3542,0.000658763
'chic','resp',1994,3335,0.000620264
'chic','resp',1995,3569,0.000663785
'chic','resp',1996,3399,0.000632167
'chic','resp',1997,3266,0.000607431
'chic','resp',1998,3433,0.000638491
'chic','resp',1999,3470,0.000645372
'chic','resp',2000,3102,0.000576929
'cinc','resp',1987,606,0.000714367
'cinc','resp',1988,712,0.000839323
'cinc','resp',1989,722,0.000851111
'cinc','resp',1990,738,0.000869972
'cinc','resp',1991,675,0.000795706
'cinc','resp',1992,657,0.000774487
'cinc','resp',1993,737,0.000868793
'cinc','resp',1994,766,0.000902979
'cinc','resp',1995,734,0.000865257
'cinc','resp',1996,751,0.000885297
'cinc','resp',1997,712,0.000839323
'cinc','resp',1998,708,0.000834607
'cinc','resp',1999,728,0.000858184
'cinc','resp',2000,693,0.000816925
'clev','resp',1987,859,0.000616222
'clev','resp',1988,998,0.000715937
'clev','resp',1989,909,0.000652091
'clev','resp',1990,898,0.0006442
'clev','resp',1991,921,0.000660699
'clev','resp',1992,833,0.00059757
'clev','resp',1993,990,0.000710198
'clev','resp',1994,964,0.000691546
'clev','resp',1995,1020,0.000731719
'clev','resp',1996,976,0.000700155
'clev','resp',1997,988,0.000708763
'clev','resp',1998,971,0.000696568
'clev','resp',1999,877,0.000629135
'clev','resp',2000,937,0.000672177
'clmg','resp',1987,99,0.000531427
'clmg','resp',1988,100,0.000536795
'clmg','resp',1989,96,0.000515323
'clmg','resp',1990,88,0.000472379
'clmg','resp',1991,117,0.00062805
'clmg','resp',1992,111,0.000595842
'clmg','resp',1993,109,0.000585106
'clmg','resp',1994,118,0.000633418
'clmg','resp',1995,124,0.000665625
'clmg','resp',1996,148,0.000794456
'clmg','resp',1997,143,0.000767616
'clmg','resp',1998,165,0.000885711
'clmg','resp',1999,146,0.00078372
'clmg','resp',2000,142,0.000762248
'clmo','resp',1987,418,0.000391028
'clmo','resp',1988,478,0.000447156
'clmo','resp',1989,418,0.000391028
'clmo','resp',1990,482,0.000450898
'clmo','resp',1991,520,0.000486446
'clmo','resp',1992,503,0.000470543
'clmo','resp',1993,518,0.000484575
'clmo','resp',1994,566,0.000529478
'clmo','resp',1995,597,0.000558477
'clmo','resp',1996,547,0.000511704
'clmo','resp',1997,596,0.000557542
'clmo','resp',1998,688,0.000643605
'clmo','resp',1999,640,0.000598703
'clmo','resp',2000,661,0.000618348
'colo','resp',1987,230,0.000444935
'colo','resp',1988,234,0.000452673
'colo','resp',1989,233,0.000450739
'colo','resp',1990,240,0.00046428
'colo','resp',1991,282,0.000545529
'colo','resp',1992,254,0.000491363
'colo','resp',1993,263,0.000508774
'colo','resp',1994,265,0.000512643
'colo','resp',1995,294,0.000568743
'colo','resp',1996,305,0.000590023
'colo','resp',1997,284,0.000549398
'colo','resp',1998,313,0.000605499
'colo','resp',1999,321,0.000620975
'colo','resp',2000,273,0.000528119
'corp','resp',1987,111,0.000353903
'corp','resp',1988,140,0.000446365
'corp','resp',1989,121,0.000385786
'corp','resp',1990,154,0.000491001
'corp','resp',1991,119,0.00037941
'corp','resp',1992,134,0.000427235
'corp','resp',1993,138,0.000439988
'corp','resp',1994,151,0.000481436
'corp','resp',1995,164,0.000522884
'corp','resp',1996,154,0.000491001
'corp','resp',1997,215,0.000685488
'corp','resp',1998,190,0.00060578
'corp','resp',1999,199,0.000634475
'corp','resp',2000,199,0.000634475
'covt','resp',1987,68,0.000406966
'covt','resp',1988,66,0.000394997
'covt','resp',1989,68,0.000406966
'covt','resp',1990,92,0.000550601
'covt','resp',1991,64,0.000383027
'covt','resp',1992,85,0.000508708
'covt','resp',1993,92,0.000550601
'covt','resp',1994,82,0.000490753
'covt','resp',1995,98,0.00058651
'covt','resp',1996,90,0.000538632
'covt','resp',1997,119,0.000712191
'covt','resp',1998,117,0.000700221
'covt','resp',1999,117,0.000700221
'covt','resp',2000,160,0.000957568
'dayt','resp',1987,311,0.000556289
'dayt','resp',1988,326,0.00058312
'dayt','resp',1989,307,0.000549134
'dayt','resp',1990,357,0.00063857
'dayt','resp',1991,320,0.000572387
'dayt','resp',1992,376,0.000672555
'dayt','resp',1993,363,0.000649302
'dayt','resp',1994,349,0.00062426
'dayt','resp',1995,361,0.000645724
'dayt','resp',1996,424,0.000758413
'dayt','resp',1997,461,0.000824595
'dayt','resp',1998,415,0.000742315
'dayt','resp',1999,457,0.000817441
'dayt','resp',2000,400,0.000715484
'dc','resp',1987,386,0.000674756
'dc','resp',1988,409,0.000714961
'dc','resp',1989,395,0.000690488
'dc','resp',1990,353,0.000617069
'dc','resp',1991,317,0.000554139
'dc','resp',1992,383,0.000669511
'dc','resp',1993,352,0.000615321
'dc','resp',1994,349,0.000610077
'dc','resp',1995,346,0.000604833
'dc','resp',1996,337,0.0005891
'dc','resp',1997,332,0.00058036
'dc','resp',1998,314,0.000548894
'dc','resp',1999,263,0.000459743
'dc','resp',2000,260,0.000454499
'denv','resp',1987,776,0.00055174
'denv','resp',1988,785,0.000558139
'denv','resp',1989,727,0.000516901
'denv','resp',1990,762,0.000541786
'denv','resp',1991,803,0.000570937
'denv','resp',1992,772,0.000548896
'denv','resp',1993,867,0.000616441
'denv','resp',1994,767,0.000545341
'denv','resp',1995,812,0.000577336
'denv','resp',1996,834,0.000592978
'denv','resp',1997,773,0.000549607
'denv','resp',1998,914,0.000649859
'denv','resp',1999,889,0.000632083
'denv','resp',2000,802,0.000570226
'desm','resp',1987,202,0.00053924
'desm','resp',1988,206,0.000549918
'desm','resp',1989,206,0.000549918
'desm','resp',1990,210,0.000560596
'desm','resp',1991,219,0.000584622
'desm','resp',1992,229,0.000611317
'desm','resp',1993,237,0.000632673
'desm','resp',1994,221,0.000589961
'desm','resp',1995,229,0.000611317
'desm','resp',1996,247,0.000659368
'desm','resp',1997,279,0.000744792
'desm','resp',1998,331,0.000883607
'desm','resp',1999,303,0.000808861
'desm','resp',2000,292,0.000779496
'det','resp',1987,1210,0.000587048
'det','resp',1988,1289,0.000625375
'det','resp',1989,1201,0.000582681
'det','resp',1990,1271,0.000616642
'det','resp',1991,1250,0.000606454
'det','resp',1992,1261,0.000611791
'det','resp',1993,1342,0.000651089
'det','resp',1994,1258,0.000610335
'det','resp',1995,1274,0.000618098
'det','resp',1996,1257,0.00060985
'det','resp',1997,1251,0.000606939
'det','resp',1998,1332,0.000646237
'det','resp',1999,1212,0.000588018
'det','resp',2000,1153,0.000559393
'dlft','resp',1987,1238,0.000294771
'dlft','resp',1988,1314,0.000312867
'dlft','resp',1989,1407,0.00033501
'dlft','resp',1990,1505,0.000358344
'dlft','resp',1991,1530,0.000364297
'dlft','resp',1992,1528,0.000363821
'dlft','resp',1993,1695,0.000403584
'dlft','resp',1994,1728,0.000411441
'dlft','resp',1995,1759,0.000418822
'dlft','resp',1996,1777,0.000423108
'dlft','resp',1997,1883,0.000448347
'dlft','resp',1998,1902,0.000452871
'dlft','resp',1999,1970,0.000469062
'dlft','resp',2000,1913,0.00045549
'elpa','resp',1987,193,0.000283981
'elpa','resp',1988,178,0.00026191
'elpa','resp',1989,230,0.000338423
'elpa','resp',1990,211,0.000310467
'elpa','resp',1991,278,0.000409051
'elpa','resp',1992,234,0.000344309
'elpa','resp',1993,251,0.000369323
'elpa','resp',1994,255,0.000375209
'elpa','resp',1995,255,0.000375209
'elpa','resp',1996,271,0.000398751
'elpa','resp',1997,287,0.000422294
'elpa','resp',1998,279,0.000410522
'elpa','resp',1999,326,0.000479678
'elpa','resp',2000,270,0.00039728
'evan','resp',1987,96,0.000558393
'evan','resp',1988,142,0.000825956
'evan','resp',1989,133,0.000773607
'evan','resp',1990,167,0.000971371
'evan','resp',1991,144,0.000837589
'evan','resp',1992,172,0.001000454
'evan','resp',1993,163,0.000948104
'evan','resp',1994,158,0.000919021
'evan','resp',1995,144,0.000837589
'evan','resp',1996,168,0.000977187
'evan','resp',1997,149,0.000866672
'evan','resp',1998,132,0.00076779
'evan','resp',1999,157,0.000913205
'evan','resp',2000,159,0.000924838
'fres','resp',1987,337,0.000421562
'fres','resp',1988,356,0.00044533
'fres','resp',1989,431,0.00053915
'fres','resp',1990,396,0.000495367
'fres','resp',1991,413,0.000516633
'fres','resp',1992,427,0.000534146
'fres','resp',1993,408,0.000510378
'fres','resp',1994,465,0.000581681
'fres','resp',1995,430,0.000537899
'fres','resp',1996,490,0.000612954
'fres','resp',1997,524,0.000655486
'fres','resp',1998,598,0.000748054
'fres','resp',1999,353,0.000441577
'fres','resp',2000,478,0.000597943
'ftwa','resp',1987,127,0.000382704
'ftwa','resp',1988,169,0.000509268
'ftwa','resp',1989,147,0.000442973
'ftwa','resp',1990,188,0.000566523
'ftwa','resp',1991,177,0.000533375
'ftwa','resp',1992,172,0.000518308
'ftwa','resp',1993,171,0.000515295
'ftwa','resp',1994,179,0.000539402
'ftwa','resp',1995,151,0.000455026
'ftwa','resp',1996,173,0.000521321
'ftwa','resp',1997,171,0.000515295
'ftwa','resp',1998,182,0.000548442
'ftwa','resp',1999,231,0.0006961
'ftwa','resp',2000,216,0.000650898
'gdrp','resp',1987,275,0.000478815
'gdrp','resp',1988,251,0.000437027
'gdrp','resp',1989,285,0.000496226
'gdrp','resp',1990,301,0.000524084
'gdrp','resp',1991,323,0.00056239
'gdrp','resp',1992,302,0.000525826
'gdrp','resp',1993,321,0.000558907
'gdrp','resp',1994,304,0.000529308
'gdrp','resp',1995,319,0.000555425
'gdrp','resp',1996,385,0.00067034
'gdrp','resp',1997,359,0.000625071
'gdrp','resp',1998,343,0.000597212
'gdrp','resp',1999,406,0.000706905
'gdrp','resp',2000,358,0.00062333
'grnb','resp',1987,165,0.000391879
'grnb','resp',1988,214,0.000508256
'grnb','resp',1989,194,0.000460755
'grnb','resp',1990,195,0.00046313
'grnb','resp',1991,216,0.000513006
'grnb','resp',1992,232,0.000551006
'grnb','resp',1993,283,0.000672132
'grnb','resp',1994,233,0.000553381
'grnb','resp',1995,257,0.000610382
'grnb','resp',1996,280,0.000665007
'grnb','resp',1997,316,0.000750508
'grnb','resp',1998,292,0.000693508
'grnb','resp',1999,275,0.000653132
'grnb','resp',2000,338,0.000802759
'hono','resp',1987,373,0.000425723
'hono','resp',1988,341,0.0003892
'hono','resp',1989,429,0.000489639
'hono','resp',1990,434,0.000495346
'hono','resp',1991,466,0.000531869
'hono','resp',1992,388,0.000442844
'hono','resp',1993,472,0.000538717
'hono','resp',1994,418,0.000477084
'hono','resp',1995,502,0.000572957
'hono','resp',1996,468,0.000534151
'hono','resp',1997,528,0.000602632
'hono','resp',1998,517,0.000590078
'hono','resp',1999,460,0.000525021
'hono','resp',2000,481,0.000548989
'hous','resp',1987,884,0.000259956
'hous','resp',1988,1010,0.000297008
'hous','resp',1989,980,0.000288186
'hous','resp',1990,1036,0.000304654
'hous','resp',1991,1020,0.000299949
'hous','resp',1992,986,0.000289951
'hous','resp',1993,1032,0.000303478
'hous','resp',1994,1086,0.000319357
'hous','resp',1995,1099,0.00032318
'hous','resp',1996,1123,0.000330238
'hous','resp',1997,1234,0.000362879
'hous','resp',1998,1190,0.000349941
'hous','resp',1999,1152,0.000338766
'hous','resp',2000,1134,0.000333473
'hunt','resp',1987,70,0.000252982
'hunt','resp',1988,83,0.000299964
'hunt','resp',1989,105,0.000379472
'hunt','resp',1990,82,0.00029635
'hunt','resp',1991,101,0.000365016
'hunt','resp',1992,101,0.000365016
'hunt','resp',1993,107,0.0003867
'hunt','resp',1994,105,0.000379472
'hunt','resp',1995,100,0.000361402
'hunt','resp',1996,109,0.000393928
'hunt','resp',1997,116,0.000419227
'hunt','resp',1998,125,0.000451753
'hunt','resp',1999,140,0.000505963
'hunt','resp',2000,154,0.000556559
'indi','resp',1987,552,0.000641522
'indi','resp',1988,548,0.000636873
'indi','resp',1989,573,0.000665928
'indi','resp',1990,539,0.000626413
'indi','resp',1991,586,0.000681036
'indi','resp',1992,599,0.000696144
'indi','resp',1993,664,0.000771686
'indi','resp',1994,632,0.000734496
'indi','resp',1995,694,0.000806551
'indi','resp',1996,667,0.000775172
'indi','resp',1997,684,0.000794929
'indi','resp',1998,702,0.000815848
'indi','resp',1999,692,0.000804227
'indi','resp',2000,641,0.000744956
'jcks','resp',1987,119,0.000474482
'jcks','resp',1988,122,0.000486443
'jcks','resp',1989,139,0.000554226
'jcks','resp',1990,144,0.000574163
'jcks','resp',1991,138,0.000550239
'jcks','resp',1992,135,0.000538278
'jcks','resp',1993,195,0.000777512
'jcks','resp',1994,184,0.000733652
'jcks','resp',1995,142,0.000566188
'jcks','resp',1996,167,0.000665869
'jcks','resp',1997,192,0.00076555
'jcks','resp',1998,192,0.00076555
'jcks','resp',1999,156,0.00062201
'jcks','resp',2000,138,0.000550239
'jckv','resp',1987,397,0.000509707
'jckv','resp',1988,408,0.00052383
'jckv','resp',1989,426,0.00054694
'jckv','resp',1990,386,0.000495584
'jckv','resp',1991,448,0.000575186
'jckv','resp',1992,456,0.000585457
'jckv','resp',1993,449,0.00057647
'jckv','resp',1994,489,0.000627825
'jckv','resp',1995,514,0.000659923
'jckv','resp',1996,496,0.000636813
'jckv','resp',1997,568,0.000729253
'jckv','resp',1998,578,0.000742092
'jckv','resp',1999,545,0.000699724
'jckv','resp',2000,544,0.00069844
'jers','resp',1987,311,0.000510694
'jers','resp',1988,353,0.000579663
'jers','resp',1989,284,0.000466357
'jers','resp',1990,292,0.000479494
'jers','resp',1991,270,0.000443368
'jers','resp',1992,288,0.000472926
'jers','resp',1993,302,0.000495915
'jers','resp',1994,282,0.000463073
'jers','resp',1995,284,0.000466357
'jers','resp',1996,318,0.000522189
'jers','resp',1997,283,0.000464715
'jers','resp',1998,287,0.000471284
'jers','resp',1999,274,0.000449936
'jers','resp',2000,272,0.000446652
'john','resp',1987,107,0.000701189
'john','resp',1988,95,0.000622551
'john','resp',1989,109,0.000714295
'john','resp',1990,83,0.000543913
'john','resp',1991,125,0.000819146
'john','resp',1992,130,0.000851912
'john','resp',1993,117,0.00076672
'john','resp',1994,152,0.000996081
'john','resp',1995,153,0.001002634
'john','resp',1996,149,0.000976422
'john','resp',1997,139,0.00091089
'john','resp',1998,136,0.000891231
'john','resp',1999,132,0.000865018
'john','resp',2000,119,0.000779827
'kan','resp',1987,580,0.0006355
'kan','resp',1988,579,0.000634404
'kan','resp',1989,618,0.000677136
'kan','resp',1990,620,0.000679328
'kan','resp',1991,609,0.000667275
'kan','resp',1992,611,0.000669467
'kan','resp',1993,736,0.000806428
'kan','resp',1994,758,0.000830533
'kan','resp',1995,789,0.000864499
'kan','resp',1996,775,0.00084916
'kan','resp',1997,728,0.000797662
'kan','resp',1998,766,0.000839298
'kan','resp',1999,734,0.000804236
'kan','resp',2000,704,0.000771366
'kans','resp',1987,91,0.00057638
'kans','resp',1988,116,0.000734726
'kans','resp',1989,95,0.000601715
'kans','resp',1990,117,0.00074106
'kans','resp',1991,92,0.000582714
'kans','resp',1992,92,0.000582714
'kans','resp',1993,104,0.00065872
'kans','resp',1994,114,0.000722058
'kans','resp',1995,89,0.000563712
'kans','resp',1996,93,0.000589048
'kans','resp',1997,111,0.000703057
'kans','resp',1998,90,0.000570046
'kans','resp',1999,106,0.000671387
'kans','resp',2000,118,0.000747394
'king','resp',1987,91,0.000511958
'king','resp',1988,92,0.000517584
'king','resp',1989,103,0.000579469
'king','resp',1990,86,0.000483828
'king','resp',1991,100,0.000562591
'king','resp',1992,92,0.000517584
'king','resp',1993,93,0.00052321
'king','resp',1994,123,0.000691987
'king','resp',1995,141,0.000793253
'king','resp',1996,124,0.000697613
'king','resp',1997,110,0.00061885
'king','resp',1998,119,0.000669483
'king','resp',1999,119,0.000669483
'king','resp',2000,100,0.000562591
'knox','resp',1987,159,0.000416196
'knox','resp',1988,222,0.000581103
'knox','resp',1989,171,0.000447606
'knox','resp',1990,213,0.000557545
'knox','resp',1991,216,0.000565398
'knox','resp',1992,223,0.000583721
'knox','resp',1993,259,0.000677954
'knox','resp',1994,248,0.00064916
'knox','resp',1995,234,0.000612514
'knox','resp',1996,243,0.000636072
'knox','resp',1997,272,0.000711982
'knox','resp',1998,306,0.00080098
'knox','resp',1999,318,0.000832391
'knox','resp',2000,297,0.000777422
'la','resp',1987,4611,0.000484382
'la','resp',1988,5043,0.000529764
'la','resp',1989,5320,0.000558862
'la','resp',1990,4941,0.000519049
'la','resp',1991,4801,0.000504342
'la','resp',1992,5088,0.000534491
'la','resp',1993,5269,0.000553505
'la','resp',1994,5322,0.000559072
'la','resp',1995,5226,0.000548988
'la','resp',1996,5387,0.000565901
'la','resp',1997,5939,0.000623888
'la','resp',1998,6188,0.000650045
'la','resp',1999,4265,0.000448035
'la','resp',2000,5129,0.000538798
'lafy','resp',1987,60,0.000314956
'lafy','resp',1988,80,0.000419941
'lafy','resp',1989,51,0.000267712
'lafy','resp',1990,63,0.000330703
'lafy','resp',1991,68,0.00035695
'lafy','resp',1992,81,0.00042519
'lafy','resp',1993,101,0.000530175
'lafy','resp',1994,69,0.000362199
'lafy','resp',1995,62,0.000325454
'lafy','resp',1996,51,0.000267712
'lafy','resp',1997,76,0.000398944
'lafy','resp',1998,90,0.000472434
'lafy','resp',1999,96,0.000503929
'lafy','resp',2000,88,0.000461935
'lasv','resp',1987,345,0.00025077
'lasv','resp',1988,459,0.000333633
'lasv','resp',1989,457,0.000332179
'lasv','resp',1990,489,0.000355439
'lasv','resp',1991,512,0.000372157
'lasv','resp',1992,558,0.000405593
'lasv','resp',1993,700,0.000508808
'lasv','resp',1994,707,0.000513896
'lasv','resp',1995,749,0.000544424
'lasv','resp',1996,802,0.000582948
'lasv','resp',1997,810,0.000588763
'lasv','resp',1998,862,0.00062656
'lasv','resp',1999,906,0.000658543
'lasv','resp',2000,910,0.00066145
'lex','resp',1987,107,0.00041073
'lex','resp',1988,117,0.000449116
'lex','resp',1989,120,0.000460631
'lex','resp',1990,143,0.000548919
'lex','resp',1991,131,0.000502856
'lex','resp',1992,160,0.000614175
'lex','resp',1993,194,0.000744687
'lex','resp',1994,169,0.000648723
'lex','resp',1995,170,0.000652561
'lex','resp',1996,164,0.00062953
'lex','resp',1997,169,0.000648723
'lex','resp',1998,162,0.000621852
'lex','resp',1999,175,0.000671754
'lex','resp',2000,174,0.000667915
'linc','resp',1987,106,0.000423507
'linc','resp',1988,117,0.000467456
'linc','resp',1989,114,0.00045547
'linc','resp',1990,131,0.000523391
'linc','resp',1991,121,0.000483437
'linc','resp',1992,122,0.000487433
'linc','resp',1993,122,0.000487433
'linc','resp',1994,147,0.000587316
'linc','resp',1995,119,0.000475447
'linc','resp',1996,155,0.000619279
'linc','resp',1997,118,0.000471451
'linc','resp',1998,139,0.000555354
'linc','resp',1999,134,0.000535377
'linc','resp',2000,138,0.000551358
'lkch','resp',1987,76,0.000413995
'lkch','resp',1988,86,0.000468468
'lkch','resp',1989,66,0.000359522
'lkch','resp',1990,75,0.000408548
'lkch','resp',1991,90,0.000490257
'lkch','resp',1992,89,0.00048481
'lkch','resp',1993,101,0.000550178
'lkch','resp',1994,87,0.000473916
'lkch','resp',1995,76,0.000413995
'lkch','resp',1996,90,0.000490257
'lkch','resp',1997,106,0.000577414
'lkch','resp',1998,115,0.00062644
'lkch','resp',1999,121,0.000659124
'lkch','resp',2000,105,0.000571967
'loui','resp',1987,426,0.000614183
'loui','resp',1988,496,0.000715105
'loui','resp',1989,524,0.000755474
'loui','resp',1990,511,0.000736732
'loui','resp',1991,579,0.00083477
'loui','resp',1992,564,0.000813144
'loui','resp',1993,605,0.000872256
'loui','resp',1994,643,0.000927042
'loui','resp',1995,585,0.000843421
'loui','resp',1996,611,0.000880906
'loui','resp',1997,553,0.000797285
'loui','resp',1998,646,0.000931367
'loui','resp',1999,690,0.000994804
'loui','resp',2000,654,0.000942901
'ltrk','resp',1987,309,0.000854833
'ltrk','resp',1988,336,0.000929527
'ltrk','resp',1989,311,0.000860366
'ltrk','resp',1990,333,0.000921228
'ltrk','resp',1991,361,0.000998689
'ltrk','resp',1992,310,0.0008576
'ltrk','resp',1993,343,0.000948893
'ltrk','resp',1994,376,0.001040185
'ltrk','resp',1995,327,0.000904629
'ltrk','resp',1996,344,0.000951659
'ltrk','resp',1997,367,0.001015287
'ltrk','resp',1998,358,0.000990389
'ltrk','resp',1999,340,0.000940593
'ltrk','resp',2000,381,0.001054018
'lubb','resp',1987,76,0.000313237
'lubb','resp',1988,118,0.000486341
'lubb','resp',1989,106,0.000436883
'lubb','resp',1990,100,0.000412154
'lubb','resp',1991,132,0.000544043
'lubb','resp',1992,112,0.000461612
'lubb','resp',1993,155,0.000638838
'lubb','resp',1994,147,0.000605866
'lubb','resp',1995,122,0.000502827
'lubb','resp',1996,143,0.00058938
'lubb','resp',1997,160,0.000659446
'lubb','resp',1998,165,0.000680053
'lubb','resp',1999,187,0.000770727
'lubb','resp',2000,191,0.000787213
'madi','resp',1987,154,0.000361057
'madi','resp',1988,185,0.000433737
'madi','resp',1989,172,0.000403258
'madi','resp',1990,149,0.000349334
'madi','resp',1991,192,0.000450148
'madi','resp',1992,161,0.000377468
'madi','resp',1993,230,0.00053924
'madi','resp',1994,214,0.000501728
'madi','resp',1995,185,0.000433737
'madi','resp',1996,209,0.000490005
'madi','resp',1997,231,0.000541585
'madi','resp',1998,256,0.000600198
'madi','resp',1999,247,0.000579097
'madi','resp',2000,224,0.000525173
'memp','resp',1987,412,0.000459067
'memp','resp',1988,456,0.000508094
'memp','resp',1989,524,0.000583862
'memp','resp',1990,555,0.000618404
'memp','resp',1991,525,0.000584976
'memp','resp',1992,536,0.000597233
'memp','resp',1993,601,0.000669659
'memp','resp',1994,602,0.000670773
'memp','resp',1995,612,0.000681915
'memp','resp',1996,624,0.000695286
'memp','resp',1997,652,0.000726485
'memp','resp',1998,665,0.00074097
'memp','resp',1999,532,0.000592776
'memp','resp',2000,605,0.000674116
'miam','resp',1987,1090,0.000483722
'miam','resp',1988,1068,0.000473958
'miam','resp',1989,1162,0.000515674
'miam','resp',1990,1202,0.000533425
'miam','resp',1991,1095,0.000485941
'miam','resp',1992,1197,0.000531206
'miam','resp',1993,1363,0.000604874
'miam','resp',1994,1224,0.000543188
'miam','resp',1995,1433,0.000635939
'miam','resp',1996,1459,0.000647477
'miam','resp',1997,1466,0.000650583
'miam','resp',1998,1373,0.000609312
'miam','resp',1999,1399,0.00062085
'miam','resp',2000,1179,0.000523218
'milw','resp',1987,700,0.000744551
'milw','resp',1988,769,0.000817942
'milw','resp',1989,676,0.000719023
'milw','resp',1990,727,0.000773269
'milw','resp',1991,796,0.000846661
'milw','resp',1992,703,0.000747742
'milw','resp',1993,748,0.000795606
'milw','resp',1994,752,0.00079986
'milw','resp',1995,746,0.000793479
'milw','resp',1996,786,0.000836024
'milw','resp',1997,700,0.000744551
'milw','resp',1998,767,0.000815815
'milw','resp',1999,765,0.000813688
'milw','resp',2000,774,0.000823261
'minn','resp',1987,926,0.000569063
'minn','resp',1988,916,0.000562918
'minn','resp',1989,894,0.000549398
'minn','resp',1990,990,0.000608394
'minn','resp',1991,1027,0.000631132
'minn','resp',1992,1008,0.000619456
'minn','resp',1993,1083,0.000665546
'minn','resp',1994,1025,0.000629903
'minn','resp',1995,1091,0.000670462
'minn','resp',1996,1048,0.000644037
'minn','resp',1997,1069,0.000656943
'minn','resp',1998,1103,0.000677837
'minn','resp',1999,1026,0.000630517
'minn','resp',2000,924,0.000567834
'mobi','resp',1987,178,0.000445175
'mobi','resp',1988,220,0.000550216
'mobi','resp',1989,201,0.000502697
'mobi','resp',1990,229,0.000572725
'mobi','resp',1991,256,0.000640251
'mobi','resp',1992,214,0.00053521
'mobi','resp',1993,247,0.000617742
'mobi','resp',1994,243,0.000607739
'mobi','resp',1995,211,0.000527707
'mobi','resp',1996,218,0.000545214
'mobi','resp',1997,239,0.000597735
'mobi','resp',1998,260,0.000650255
'mobi','resp',1999,250,0.000625245
'mobi','resp',2000,278,0.000695273
'mode','resp',1987,311,0.000695754
'mode','resp',1988,325,0.000727074
'mode','resp',1989,387,0.000865778
'mode','resp',1990,401,0.000897098
'mode','resp',1991,341,0.000762869
'mode','resp',1992,360,0.000805375
'mode','resp',1993,345,0.000771817
'mode','resp',1994,435,0.000973161
'mode','resp',1995,403,0.000901572
'mode','resp',1996,382,0.000854592
'mode','resp',1997,407,0.000910521
'mode','resp',1998,449,0.001004481
'mode','resp',1999,269,0.000601794
'mode','resp',2000,310,0.000693517
'musk','resp',1987,86,0.000505288
'musk','resp',1988,88,0.000517039
'musk','resp',1989,94,0.000552291
'musk','resp',1990,115,0.000675676
'musk','resp',1991,94,0.000552291
'musk','resp',1992,90,0.00052879
'musk','resp',1993,117,0.000687427
'musk','resp',1994,111,0.000652174
'musk','resp',1995,115,0.000675676
'musk','resp',1996,121,0.000710928
'musk','resp',1997,108,0.000634548
'musk','resp',1998,135,0.000793184
'musk','resp',1999,143,0.000840188
'musk','resp',2000,137,0.000804935
'nash','resp',1987,366,0.000642228
'nash','resp',1988,338,0.000593096
'nash','resp',1989,339,0.000594851
'nash','resp',1990,366,0.000642228
'nash','resp',1991,373,0.000654511
'nash','resp',1992,387,0.000679077
'nash','resp',1993,398,0.000698379
'nash','resp',1994,426,0.000747511
'nash','resp',1995,424,0.000744002
'nash','resp',1996,437,0.000766813
'nash','resp',1997,460,0.000807172
'nash','resp',1998,453,0.000794889
'nash','resp',1999,388,0.000680832
'nash','resp',2000,344,0.000603624
'new','resp',1987,65,0.00036081
'new','resp',1988,80,0.000444074
'new','resp',1989,61,0.000338607
'new','resp',1990,76,0.000421871
'new','resp',1991,65,0.00036081
'new','resp',1992,75,0.00041632
'new','resp',1993,82,0.000455176
'new','resp',1994,87,0.000482931
'new','resp',1995,73,0.000405218
'new','resp',1996,74,0.000410769
'new','resp',1997,71,0.000394116
'new','resp',1998,102,0.000566195
'new','resp',1999,72,0.000399667
'new','resp',2000,79,0.000438523
'no','resp',1987,245,0.000505494
'no','resp',1988,239,0.000493115
'no','resp',1989,273,0.000563265
'no','resp',1990,258,0.000532317
'no','resp',1991,272,0.000561202
'no','resp',1992,266,0.000548823
'no','resp',1993,268,0.000552949
'no','resp',1994,278,0.000573581
'no','resp',1995,268,0.000552949
'no','resp',1996,286,0.000590087
'no','resp',1997,279,0.000575645
'no','resp',1998,284,0.000585961
'no','resp',1999,269,0.000555012
'no','resp',2000,285,0.000588024
'nor','resp',1987,128,0.000546068
'nor','resp',1988,146,0.000622859
'nor','resp',1989,127,0.000541802
'nor','resp',1990,118,0.000503407
'nor','resp',1991,130,0.0005546
'nor','resp',1992,129,0.000550334
'nor','resp',1993,120,0.000511939
'nor','resp',1994,118,0.000503407
'nor','resp',1995,140,0.000597262
'nor','resp',1996,141,0.000601528
'nor','resp',1997,122,0.000520471
'nor','resp',1998,133,0.000567399
'nor','resp',1999,151,0.00064419
'nor','resp',2000,135,0.000575931
'nwk','resp',1987,419,0.000527952
'nwk','resp',1988,465,0.000585913
'nwk','resp',1989,453,0.000570793
'nwk','resp',1990,471,0.000593473
'nwk','resp',1991,434,0.000546852
'nwk','resp',1992,447,0.000563233
'nwk','resp',1993,454,0.000572053
'nwk','resp',1994,413,0.000520392
'nwk','resp',1995,480,0.000604814
'nwk','resp',1996,491,0.000618674
'nwk','resp',1997,421,0.000530472
'nwk','resp',1998,426,0.000536772
'nwk','resp',1999,415,0.000522912
'nwk','resp',2000,400,0.000504011
'ny','resp',1987,5389,0.000603354
'ny','resp',1988,5753,0.000644108
'ny','resp',1989,5720,0.000640413
'ny','resp',1990,5906,0.000661238
'ny','resp',1991,5233,0.000585888
'ny','resp',1992,4651,0.000520727
'ny','resp',1993,5018,0.000561817
'ny','resp',1994,4639,0.000519384
'ny','resp',1995,4762,0.000533155
'ny','resp',1996,4829,0.000540656
'ny','resp',1997,4656,0.000521287
'ny','resp',1998,4793,0.000536626
'ny','resp',1999,4898,0.000548382
'ny','resp',2000,4583,0.000513114
'oakl','resp',1987,657,0.000455068
'oakl','resp',1988,733,0.000507709
'oakl','resp',1989,785,0.000543726
'oakl','resp',1990,727,0.000503553
'oakl','resp',1991,788,0.000545804
'oakl','resp',1992,773,0.000535415
'oakl','resp',1993,813,0.00056312
'oakl','resp',1994,785,0.000543726
'oakl','resp',1995,804,0.000556887
'oakl','resp',1996,865,0.000599138
'oakl','resp',1997,927,0.000642082
'oakl','resp',1998,940,0.000651086
'oakl','resp',1999,642,0.000444678
'oakl','resp',2000,754,0.000522254
'okla','resp',1987,375,0.000567796
'okla','resp',1988,404,0.000611706
'okla','resp',1989,418,0.000632904
'okla','resp',1990,477,0.000722237
'okla','resp',1991,431,0.000652587
'okla','resp',1992,480,0.000726779
'okla','resp',1993,522,0.000790373
'okla','resp',1994,530,0.000802486
'okla','resp',1995,470,0.000711638
'okla','resp',1996,501,0.000758576
'okla','resp',1997,570,0.000863051
'okla','resp',1998,555,0.000840339
'okla','resp',1999,557,0.000843367
'okla','resp',2000,497,0.00075252
'olym','resp',1987,71,0.000342408
'olym','resp',1988,108,0.000520846
'olym','resp',1989,80,0.000385812
'olym','resp',1990,81,0.000390634
'olym','resp',1991,92,0.000443684
'olym','resp',1992,115,0.000554604
'olym','resp',1993,108,0.000520846
'olym','resp',1994,114,0.000549782
'olym','resp',1995,115,0.000554604
'olym','resp',1996,118,0.000569072
'olym','resp',1997,127,0.000612476
'olym','resp',1998,140,0.000675171
'olym','resp',1999,137,0.000660703
'olym','resp',2000,136,0.00065588
'oma','resp',1987,262,0.000565161
'oma','resp',1988,302,0.000651445
'oma','resp',1989,295,0.000636345
'oma','resp',1990,310,0.000668702
'oma','resp',1991,319,0.000688115
'oma','resp',1992,271,0.000584575
'oma','resp',1993,315,0.000679487
'oma','resp',1994,335,0.000722629
'oma','resp',1995,324,0.000698901
'oma','resp',1996,313,0.000675173
'oma','resp',1997,329,0.000709686
'oma','resp',1998,366,0.000789499
'oma','resp',1999,362,0.000780871
'oma','resp',2000,324,0.000698901
'orla','resp',1987,301,0.000335809
'orla','resp',1988,307,0.000342502
'orla','resp',1989,351,0.000391591
'orla','resp',1990,313,0.000349196
'orla','resp',1991,340,0.000379319
'orla','resp',1992,364,0.000406094
'orla','resp',1993,361,0.000402747
'orla','resp',1994,406,0.000452951
'orla','resp',1995,400,0.000446257
'orla','resp',1996,449,0.000500924
'orla','resp',1997,418,0.000466339
'orla','resp',1998,479,0.000534393
'orla','resp',1999,444,0.000495346
'orla','resp',2000,472,0.000526584
'phil','resp',1987,1053,0.000693882
'phil','resp',1988,1086,0.000715627
'phil','resp',1989,1212,0.000798656
'phil','resp',1990,1104,0.000727488
'phil','resp',1991,1040,0.000685315
'phil','resp',1992,1024,0.000674772
'phil','resp',1993,1155,0.000761095
'phil','resp',1994,1074,0.00070772
'phil','resp',1995,1084,0.000714309
'phil','resp',1996,1081,0.000712332
'phil','resp',1997,1058,0.000697176
'phil','resp',1998,1149,0.000757141
'phil','resp',1999,1030,0.000678726
'phil','resp',2000,1078,0.000710356
'phoe','resp',1987,1313,0.000427388
'phoe','resp',1988,1444,0.000470029
'phoe','resp',1989,1509,0.000491187
'phoe','resp',1990,1607,0.000523087
'phoe','resp',1991,1598,0.000520157
'phoe','resp',1992,1575,0.00051267
'phoe','resp',1993,1749,0.000569308
'phoe','resp',1994,1765,0.000574516
'phoe','resp',1995,1824,0.000593721
'phoe','resp',1996,1880,0.000611949
'phoe','resp',1997,2023,0.000658497
'phoe','resp',1998,2165,0.000704718
'phoe','resp',1999,2194,0.000714158
'phoe','resp',2000,2230,0.000725876
'pitt','resp',1987,974,0.000759948
'pitt','resp',1988,1032,0.000805202
'pitt','resp',1989,981,0.00076541
'pitt','resp',1990,1104,0.000861379
'pitt','resp',1991,1108,0.0008645
'pitt','resp',1992,1139,0.000888687
'pitt','resp',1993,1205,0.000940183
'pitt','resp',1994,1248,0.000973733
'pitt','resp',1995,1191,0.000929259
'pitt','resp',1996,1264,0.000986216
'pitt','resp',1997,1222,0.000953447
'pitt','resp',1998,1197,0.000933941
'pitt','resp',1999,1214,0.000947205
'pitt','resp',2000,1118,0.000872302
'port','resp',1987,625,0.000625703
'port','resp',1988,648,0.000648729
'port','resp',1989,644,0.000644724
'port','resp',1990,701,0.000701788
'port','resp',1991,604,0.000604679
'port','resp',1992,570,0.000570641
'port','resp',1993,772,0.000772868
'port','resp',1994,700,0.000700787
'port','resp',1995,707,0.000707795
'port','resp',1996,739,0.000739831
'port','resp',1997,709,0.000709797
'port','resp',1998,736,0.000736827
'port','resp',1999,661,0.000661743
'port','resp',2000,623,0.0006237
'prov','resp',1987,445,0.000715892
'prov','resp',1988,397,0.000638672
'prov','resp',1989,396,0.000637064
'prov','resp',1990,398,0.000640281
'prov','resp',1991,429,0.000690152
'prov','resp',1992,451,0.000725545
'prov','resp',1993,481,0.000773807
'prov','resp',1994,445,0.000715892
'prov','resp',1995,462,0.000743241
'prov','resp',1996,500,0.000804373
'prov','resp',1997,477,0.000767372
'prov','resp',1998,523,0.000841374
'prov','resp',1999,560,0.000900898
'prov','resp',2000,535,0.000860679
'ral','resp',1987,541,0.000861676
'ral','resp',1988,563,0.000896717
'ral','resp',1989,483,0.000769297
'ral','resp',1990,508,0.000809116
'ral','resp',1991,454,0.000723107
'ral','resp',1992,489,0.000778853
'ral','resp',1993,492,0.000783632
'ral','resp',1994,469,0.000746998
'ral','resp',1995,475,0.000756555
'ral','resp',1996,412,0.000656212
'ral','resp',1997,485,0.000772482
'ral','resp',1998,529,0.000842563
'ral','resp',1999,434,0.000691252
'ral','resp',2000,485,0.000772482
'rich','resp',1987,147,0.000743212
'rich','resp',1988,153,0.000773548
'rich','resp',1989,160,0.000808939
'rich','resp',1990,139,0.000702766
'rich','resp',1991,144,0.000728045
'rich','resp',1992,123,0.000621872
'rich','resp',1993,165,0.000834218
'rich','resp',1994,116,0.000586481
'rich','resp',1995,137,0.000692654
'rich','resp',1996,126,0.000637039
'rich','resp',1997,136,0.000687598
'rich','resp',1998,129,0.000652207
'rich','resp',1999,137,0.000692654
'rich','resp',2000,108,0.000546034
'rive','resp',1987,678,0.000438725
'rive','resp',1988,806,0.000521552
'rive','resp',1989,912,0.000590143
'rive','resp',1990,843,0.000545494
'rive','resp',1991,806,0.000521552
'rive','resp',1992,838,0.000542259
'rive','resp',1993,886,0.000573319
'rive','resp',1994,883,0.000571378
'rive','resp',1995,971,0.000628322
'rive','resp',1996,949,0.000614086
'rive','resp',1997,1066,0.000689795
'rive','resp',1998,1135,0.000734444
'rive','resp',1999,923,0.000597261
'rive','resp',2000,1032,0.000667794
'roch','resp',1987,488,0.000663636
'roch','resp',1988,509,0.000692194
'roch','resp',1989,510,0.000693554
'roch','resp',1990,494,0.000671795
'roch','resp',1991,538,0.000731631
'roch','resp',1992,472,0.000641877
'roch','resp',1993,627,0.000852663
'roch','resp',1994,550,0.00074795
'roch','resp',1995,564,0.000766989
'roch','resp',1996,570,0.000775148
'roch','resp',1997,566,0.000769709
'roch','resp',1998,627,0.000852663
'roch','resp',1999,605,0.000822745
'roch','resp',2000,540,0.000734351
'sacr','resp',1987,562,0.000459338
'sacr','resp',1988,653,0.000533715
'sacr','resp',1989,678,0.000554148
'sacr','resp',1990,677,0.000553331
'sacr','resp',1991,726,0.00059338
'sacr','resp',1992,745,0.000608909
'sacr','resp',1993,778,0.000635881
'sacr','resp',1994,900,0.000735595
'sacr','resp',1995,1028,0.000840213
'sacr','resp',1996,1005,0.000821415
'sacr','resp',1997,1093,0.00089334
'sacr','resp',1998,1130,0.000923581
'sacr','resp',1999,726,0.00059338
'sacr','resp',2000,868,0.000709441
'salt','resp',1987,301,0.000335045
'salt','resp',1988,318,0.000353968
'salt','resp',1989,316,0.000351742
'salt','resp',1990,291,0.000323914
'salt','resp',1991,312,0.000347289
'salt','resp',1992,352,0.000391813
'salt','resp',1993,388,0.000431885
'salt','resp',1994,378,0.000420754
'salt','resp',1995,420,0.000467505
'salt','resp',1996,392,0.000436338
'salt','resp',1997,421,0.000468618
'salt','resp',1998,391,0.000435224
'salt','resp',1999,438,0.00048754
'salt','resp',2000,415,0.000461939
'sana','resp',1987,545,0.000391261
'sana','resp',1988,622,0.00044654
'sana','resp',1989,607,0.000435772
'sana','resp',1990,659,0.000473103
'sana','resp',1991,623,0.000447258
'sana','resp',1992,630,0.000452284
'sana','resp',1993,661,0.000474539
'sana','resp',1994,711,0.000510434
'sana','resp',1995,652,0.000468078
'sana','resp',1996,607,0.000435772
'sana','resp',1997,701,0.000503255
'sana','resp',1998,691,0.000496076
'sana','resp',1999,696,0.000499666
'sana','resp',2000,714,0.000512588
'sanb','resp',1987,749,0.000438157
'sanb','resp',1988,857,0.000501336
'sanb','resp',1989,901,0.000527075
'sanb','resp',1990,816,0.000477351
'sanb','resp',1991,828,0.000484371
'sanb','resp',1992,860,0.00050309
'sanb','resp',1993,964,0.000563929
'sanb','resp',1994,963,0.000563344
'sanb','resp',1995,887,0.000518885
'sanb','resp',1996,947,0.000553985
'sanb','resp',1997,1054,0.000616578
'sanb','resp',1998,1118,0.000654018
'sanb','resp',1999,865,0.000506015
'sanb','resp',2000,1035,0.000605464
'sand','resp',1987,1356,0.000481905
'sand','resp',1988,1527,0.000542676
'sand','resp',1989,1594,0.000566487
'sand','resp',1990,1531,0.000544098
'sand','resp',1991,1507,0.000535568
'sand','resp',1992,1671,0.000593852
'sand','resp',1993,1817,0.000645738
'sand','resp',1994,1820,0.000646805
'sand','resp',1995,1705,0.000605935
'sand','resp',1996,2039,0.000724634
'sand','resp',1997,2061,0.000732453
'sand','resp',1998,2256,0.000801753
'sand','resp',1999,1525,0.000541965
'sand','resp',2000,1915,0.000680566
'sanf','resp',1987,578,0.000744142
'sanf','resp',1988,548,0.000705519
'sanf','resp',1989,591,0.000760879
'sanf','resp',1990,555,0.000714531
'sanf','resp',1991,563,0.000724831
'sanf','resp',1992,512,0.000659171
'sanf','resp',1993,544,0.000700369
'sanf','resp',1994,539,0.000693932
'sanf','resp',1995,565,0.000727406
'sanf','resp',1996,558,0.000718394
'sanf','resp',1997,622,0.00080079
'sanf','resp',1998,651,0.000838126
'sanf','resp',1999,411,0.000529139
'sanf','resp',2000,500,0.000643722
'sanj','resp',1987,607,0.000360754
'sanj','resp',1988,651,0.000386905
'sanj','resp',1989,742,0.000440988
'sanj','resp',1990,677,0.000402357
'sanj','resp',1991,730,0.000433856
'sanj','resp',1992,802,0.000476648
'sanj','resp',1993,877,0.000521222
'sanj','resp',1994,860,0.000511118
'sanj','resp',1995,837,0.000497449
'sanj','resp',1996,964,0.000572928
'sanj','resp',1997,929,0.000552127
'sanj','resp',1998,979,0.000581843
'sanj','resp',1999,647,0.000384527
'sanj','resp',2000,794,0.000471893
'seat','resp',1987,800,0.000460555
'seat','resp',1988,862,0.000496248
'seat','resp',1989,928,0.000534244
'seat','resp',1990,922,0.00053079
'seat','resp',1991,904,0.000520427
'seat','resp',1992,910,0.000523882
'seat','resp',1993,1037,0.000596995
'seat','resp',1994,1032,0.000594116
'seat','resp',1995,964,0.000554969
'seat','resp',1996,1045,0.0006016
'seat','resp',1997,1121,0.000645353
'seat','resp',1998,1128,0.000649383
'seat','resp',1999,1097,0.000631536
'seat','resp',2000,986,0.000567634
'shr','resp',1987,200,0.000570661
'shr','resp',1988,224,0.00063914
'shr','resp',1989,214,0.000610607
'shr','resp',1990,218,0.00062202
'shr','resp',1991,216,0.000616313
'shr','resp',1992,210,0.000599194
'shr','resp',1993,196,0.000559247
'shr','resp',1994,295,0.000841724
'shr','resp',1995,265,0.000756125
'shr','resp',1996,273,0.000778952
'shr','resp',1997,251,0.000716179
'shr','resp',1998,256,0.000730446
'shr','resp',1999,259,0.000739006
'shr','resp',2000,256,0.000730446
'spok','resp',1987,288,0.000689096
'spok','resp',1988,296,0.000708237
'spok','resp',1989,296,0.000708237
'spok','resp',1990,303,0.000724986
'spok','resp',1991,349,0.00083505
'spok','resp',1992,304,0.000727379
'spok','resp',1993,382,0.000914009
'spok','resp',1994,353,0.000844621
'spok','resp',1995,358,0.000856584
'spok','resp',1996,373,0.000892475
'spok','resp',1997,418,0.001000146
'spok','resp',1998,412,0.00098579
'spok','resp',1999,390,0.000933151
'spok','resp',2000,352,0.000842228
'staa','resp',1987,1076,0.000378036
'staa','resp',1988,1220,0.000428628
'staa','resp',1989,1286,0.000451816
'staa','resp',1990,1308,0.000459546
'staa','resp',1991,1250,0.000439168
'staa','resp',1992,1273,0.000447249
'staa','resp',1993,1443,0.000506976
'staa','resp',1994,1307,0.000459194
'staa','resp',1995,1272,0.000446898
'staa','resp',1996,1410,0.000495382
'staa','resp',1997,1613,0.000566703
'staa','resp',1998,1773,0.000622916
'staa','resp',1999,1204,0.000423007
'staa','resp',2000,1498,0.000526299
'stlo','resp',1987,316,0.000907553
'stlo','resp',1988,294,0.000844369
'stlo','resp',1989,334,0.000959249
'stlo','resp',1990,300,0.000861601
'stlo','resp',1991,277,0.000795545
'stlo','resp',1992,313,0.000898937
'stlo','resp',1993,332,0.000953505
'stlo','resp',1994,300,0.000861601
'stlo','resp',1995,316,0.000907553
'stlo','resp',1996,303,0.000870217
'stlo','resp',1997,268,0.000769697
'stlo','resp',1998,261,0.000749593
'stlo','resp',1999,267,0.000766825
'stlo','resp',2000,224,0.000643329
'stoc','resp',1987,272,0.000482613
'stoc','resp',1988,322,0.000571329
'stoc','resp',1989,338,0.000599718
'stoc','resp',1990,339,0.000601493
'stoc','resp',1991,325,0.000576652
'stoc','resp',1992,308,0.000546489
'stoc','resp',1993,337,0.000597944
'stoc','resp',1994,329,0.000583749
'stoc','resp',1995,327,0.000580201
'stoc','resp',1996,396,0.000702628
'stoc','resp',1997,403,0.000715049
'stoc','resp',1998,455,0.000807313
'stoc','resp',1999,331,0.000587298
'stoc','resp',2000,387,0.00068666
'stpe','resp',1987,797,0.000864911
'stpe','resp',1988,843,0.000914831
'stpe','resp',1989,792,0.000859485
'stpe','resp',1990,834,0.000905064
'stpe','resp',1991,906,0.000983199
'stpe','resp',1992,901,0.000977773
'stpe','resp',1993,1032,0.001119935
'stpe','resp',1994,992,0.001076527
'stpe','resp',1995,970,0.001052652
'stpe','resp',1996,919,0.000997307
'stpe','resp',1997,1042,0.001130787
'stpe','resp',1998,1010,0.00109606
'stpe','resp',1999,1016,0.001102572
'stpe','resp',2000,1004,0.001089549
'syra','resp',1987,287,0.000631691
'syra','resp',1988,333,0.000732938
'syra','resp',1989,306,0.00067351
'syra','resp',1990,334,0.000735139
'syra','resp',1991,345,0.00075935
'syra','resp',1992,326,0.000717531
'syra','resp',1993,324,0.000713129
'syra','resp',1994,401,0.000882607
'syra','resp',1995,386,0.000849591
'syra','resp',1996,413,0.000909019
'syra','resp',1997,470,0.001034477
'syra','resp',1998,473,0.00104108
'syra','resp',1999,387,0.000851793
'syra','resp',2000,389,0.000856195
'taco','resp',1987,296,0.000422362
'taco','resp',1988,375,0.000535087
'taco','resp',1989,359,0.000512257
'taco','resp',1990,385,0.000549356
'taco','resp',1991,346,0.000493707
'taco','resp',1992,360,0.000513684
'taco','resp',1993,420,0.000599298
'taco','resp',1994,370,0.000527953
'taco','resp',1995,399,0.000569333
'taco','resp',1996,425,0.000606432
'taco','resp',1997,409,0.000583602
'taco','resp',1998,411,0.000586456
'taco','resp',1999,435,0.000620701
'taco','resp',2000,440,0.000627836
'tamp','resp',1987,553,0.000553582
'tamp','resp',1988,562,0.000562592
'tamp','resp',1989,547,0.000547576
'tamp','resp',1990,586,0.000586617
'tamp','resp',1991,562,0.000562592
'tamp','resp',1992,591,0.000591622
'tamp','resp',1993,580,0.000580611
'tamp','resp',1994,599,0.000599631
'tamp','resp',1995,605,0.000605637
'tamp','resp',1996,626,0.000626659
'tamp','resp',1997,592,0.000592623
'tamp','resp',1998,629,0.000629662
'tamp','resp',1999,671,0.000671707
'tamp','resp',2000,627,0.00062766
'tole','resp',1987,307,0.000674645
'tole','resp',1988,365,0.000802103
'tole','resp',1989,319,0.000701016
'tole','resp',1990,301,0.00066146
'tole','resp',1991,307,0.000674645
'tole','resp',1992,332,0.000729584
'tole','resp',1993,363,0.000797708
'tole','resp',1994,344,0.000755954
'tole','resp',1995,337,0.000740571
'tole','resp',1996,370,0.00081309
'tole','resp',1997,349,0.000766942
'tole','resp',1998,364,0.000799905
'tole','resp',1999,361,0.000793312
'tole','resp',2000,350,0.000769139
'tope','resp',1987,117,0.000688758
'tope','resp',1988,150,0.000883023
'tope','resp',1989,140,0.000824155
'tope','resp',1990,110,0.00064755
'tope','resp',1991,154,0.00090657
'tope','resp',1992,118,0.000694645
'tope','resp',1993,171,0.001006646
'tope','resp',1994,185,0.001089062
'tope','resp',1995,177,0.001041967
'tope','resp',1996,180,0.001059628
'tope','resp',1997,169,0.000994873
'tope','resp',1998,170,0.001000759
'tope','resp',1999,190,0.001118496
'tope','resp',2000,182,0.001071401
'tucs','resp',1987,457,0.000541632
'tucs','resp',1988,513,0.000608003
'tucs','resp',1989,529,0.000626966
'tucs','resp',1990,562,0.000666077
'tucs','resp',1991,590,0.000699263
'tucs','resp',1992,554,0.000656596
'tucs','resp',1993,622,0.000737189
'tucs','resp',1994,630,0.00074667
'tucs','resp',1995,602,0.000713485
'tucs','resp',1996,760,0.000900745
'tucs','resp',1997,781,0.000925634
'tucs','resp',1998,756,0.000896004
'tucs','resp',1999,779,0.000923264
'tucs','resp',2000,726,0.000860449
'tuls','resp',1987,276,0.000489971
'tuls','resp',1988,299,0.000530802
'tuls','resp',1989,356,0.000631991
'tuls','resp',1990,340,0.000603587
'tuls','resp',1991,358,0.000635542
'tuls','resp',1992,359,0.000637317
'tuls','resp',1993,400,0.000710102
'tuls','resp',1994,379,0.000672822
'tuls','resp',1995,414,0.000734956
'tuls','resp',1996,393,0.000697676
'tuls','resp',1997,358,0.000635542
'tuls','resp',1998,404,0.000717203
'tuls','resp',1999,372,0.000660395
'tuls','resp',2000,378,0.000671047
'wich','resp',1987,211,0.000465918
'wich','resp',1988,224,0.000494624
'wich','resp',1989,231,0.000510081
'wich','resp',1990,234,0.000516706
'wich','resp',1991,252,0.000556452
'wich','resp',1992,275,0.00060724
'wich','resp',1993,276,0.000609448
'wich','resp',1994,249,0.000549828
'wich','resp',1995,280,0.00061828
'wich','resp',1996,325,0.000717647
'wich','resp',1997,335,0.000739728
'wich','resp',1998,306,0.000675692
'wich','resp',1999,296,0.000653611
'wich','resp',2000,326,0.000719855
'wor','resp',1987,478,0.000636516
'wor','resp',1988,539,0.000717745
'wor','resp',1989,477,0.000635184
'wor','resp',1990,515,0.000685786
'wor','resp',1991,554,0.000737719
'wor','resp',1992,555,0.000739051
'wor','resp',1993,667,0.000888193
'wor','resp',1994,663,0.000882866
'wor','resp',1995,631,0.000840254
'wor','resp',1996,698,0.000929473
'wor','resp',1997,637,0.000848244
'wor','resp',1998,721,0.000960101
'wor','resp',1999,635,0.000845581
'wor','resp',2000,641,0.000853571
