city,cause,year,adthnum,adrate
'akr','death',1987,4408,0.008119374
'akr','death',1988,4437,0.008172791
'akr','death',1989,4381,0.008069641
'akr','death',1990,4370,0.008049379
'akr','death',1991,4583,0.008441718
'akr','death',1992,4624,0.008517238
'akr','death',1993,4766,0.008778797
'akr','death',1994,4538,0.008358829
'akr','death',1995,4855,0.008942732
'akr','death',1996,4715,0.008684857
'akr','death',1997,4761,0.008769587
'akr','death',1998,4781,0.008806426
'akr','death',1999,4885,0.00899799
'akr','death',2000,4960,0.009136138
'albu','death',1987,3213,0.005771739
'albu','death',1988,3234,0.005809463
'albu','death',1989,3451,0.006199275
'albu','death',1990,3314,0.005953172
'albu','death',1991,3440,0.006179515
'albu','death',1992,3357,0.006030416
'albu','death',1993,3599,0.006465138
'albu','death',1994,3778,0.006786688
'albu','death',1995,3740,0.006718426
'albu','death',1996,3827,0.00687471
'albu','death',1997,3853,0.006921416
'albu','death',1998,3869,0.006950158
'albu','death',1999,4030,0.007239374
'albu','death',2000,4028,0.007235781
'anch','death',1987,1822,0.007000073
'anch','death',1988,1815,0.006973179
'anch','death',1989,1804,0.006930918
'anch','death',1990,1798,0.006907866
'anch','death',1991,1814,0.006969337
'anch','death',1992,1808,0.006946285
'anch','death',1993,1751,0.006727293
'anch','death',1994,1760,0.006761871
'anch','death',1995,1782,0.006846394
'anch','death',1996,1766,0.006784923
'anch','death',1997,1767,0.006788765
'anch','death',1998,1766,0.006784923
'anch','death',1999,1777,0.006827184
'anch','death',2000,1803,0.006927076
'arlv','death',1987,791,0.004175178
'arlv','death',1988,789,0.004164621
'arlv','death',1989,795,0.004196291
'arlv','death',1990,780,0.004117116
'arlv','death',1991,752,0.003969322
'arlv','death',1992,748,0.003948209
'arlv','death',1993,856,0.004518271
'arlv','death',1994,796,0.00420157
'arlv','death',1995,847,0.004470766
'arlv','death',1996,805,0.004249075
'arlv','death',1997,780,0.004117116
'arlv','death',1998,791,0.004175178
'arlv','death',1999,788,0.004159343
'arlv','death',2000,785,0.004143508
'atla','death',1987,7885,0.005320976
'atla','death',1988,8143,0.00549508
'atla','death',1989,8316,0.005611825
'atla','death',1990,8082,0.005453916
'atla','death',1991,8209,0.005539618
'atla','death',1992,8228,0.00555244
'atla','death',1993,8808,0.005943837
'atla','death',1994,8614,0.005812922
'atla','death',1995,8946,0.006036963
'atla','death',1996,8813,0.005947211
'atla','death',1997,8493,0.005731268
'atla','death',1998,8543,0.005765009
'atla','death',1999,8446,0.005699551
'atla','death',2000,8543,0.005765009
'aust','death',1987,2682,0.003301817
'aust','death',1988,2784,0.00342739
'aust','death',1989,2821,0.00347294
'aust','death',1990,2889,0.003556655
'aust','death',1991,2916,0.003589895
'aust','death',1992,3001,0.003694539
'aust','death',1993,3202,0.00394199
'aust','death',1994,3213,0.003955533
'aust','death',1995,3347,0.0041205
'aust','death',1996,3234,0.003981386
'aust','death',1997,3396,0.004180824
'aust','death',1998,3322,0.004089723
'aust','death',1999,3524,0.004338405
'aust','death',2000,3586,0.004414734
'bake','death',1987,3292,0.004975478
'bake','death',1988,3360,0.005078252
'bake','death',1989,3423,0.005173469
'bake','death',1990,3456,0.005223345
'bake','death',1991,3574,0.005401688
'bake','death',1992,3496,0.0052838
'bake','death',1993,3722,0.005625373
'bake','death',1994,3524,0.005326119
'bake','death',1995,3823,0.005778023
'bake','death',1996,3862,0.005836967
'bake','death',1997,3834,0.005794648
'bake','death',1998,4067,0.006146801
'bake','death',1999,4130,0.006242018
'bake','death',2000,4100,0.006196676
'balt','death',1987,7713,0.012143512
'balt','death',1988,7918,0.012466268
'balt','death',1989,7703,0.012127767
'balt','death',1990,7719,0.012152958
'balt','death',1991,7587,0.011945135
'balt','death',1992,7568,0.011915221
'balt','death',1993,7662,0.012063216
'balt','death',1994,7589,0.011948283
'balt','death',1995,7552,0.01189003
'balt','death',1996,7248,0.011411406
'balt','death',1997,6818,0.010734405
'balt','death',1998,6658,0.010482497
'balt','death',1999,6738,0.010608451
'balt','death',2000,6453,0.010159741
'batr','death',1987,2475,0.005994884
'batr','death',1988,2574,0.00623468
'batr','death',1989,2605,0.006309767
'batr','death',1990,2593,0.006280701
'batr','death',1991,2613,0.006329145
'batr','death',1992,2635,0.006382432
'batr','death',1993,2786,0.006748181
'batr','death',1994,2713,0.006571362
'batr','death',1995,2882,0.00698071
'batr','death',1996,2748,0.006656138
'batr','death',1997,2918,0.007067908
'batr','death',1998,2925,0.007084863
'batr','death',1999,3089,0.0074821
'batr','death',2000,3059,0.007409435
'bidd','death',1987,2413,0.012921571
'bidd','death',1988,2417,0.012942991
'bidd','death',1989,2450,0.013119705
'bidd','death',1990,2455,0.01314648
'bidd','death',1991,2498,0.013376744
'bidd','death',1992,2482,0.013291065
'bidd','death',1993,2451,0.01312506
'bidd','death',1994,2444,0.013087575
'bidd','death',1995,2466,0.013205385
'bidd','death',1996,2480,0.013280355
'bidd','death',1997,2500,0.013387454
'bidd','death',1998,2467,0.01321074
'bidd','death',1999,2537,0.013585589
'bidd','death',2000,2554,0.013676623
'birm','death',1987,6227,0.009405677
'birm','death',1988,6451,0.009744021
'birm','death',1989,6279,0.009484221
'birm','death',1990,6328,0.009558234
'birm','death',1991,6266,0.009464585
'birm','death',1992,6122,0.009247078
'birm','death',1993,6384,0.00964282
'birm','death',1994,6378,0.009633757
'birm','death',1995,6434,0.009718343
'birm','death',1996,6369,0.009620163
'birm','death',1997,6608,0.009981164
'birm','death',1998,6554,0.009899599
'birm','death',1999,6714,0.010141274
'birm','death',2000,6461,0.009759126
'bost','death',1987,5221,0.007568784
'bost','death',1988,5349,0.007754343
'bost','death',1989,5078,0.007361479
'bost','death',1990,4940,0.007161423
'bost','death',1991,4865,0.007052697
'bost','death',1992,4974,0.007210713
'bost','death',1993,5090,0.007378876
'bost','death',1994,4751,0.006887434
'bost','death',1995,4735,0.006864239
'bost','death',1996,4558,0.006607645
'bost','death',1997,4469,0.006478624
'bost','death',1998,4413,0.006397442
'bost','death',1999,4512,0.00654096
'bost','death',2000,4499,0.006522114
'buff','death',1987,9393,0.009884611
'buff','death',1988,9515,0.010012996
'buff','death',1989,9173,0.009653097
'buff','death',1990,9334,0.009822523
'buff','death',1991,9500,0.009997211
'buff','death',1992,9276,0.009761488
'buff','death',1993,9385,0.009876192
'buff','death',1994,9366,0.009856198
'buff','death',1995,9410,0.009902501
'buff','death',1996,9282,0.009767802
'buff','death',1997,9265,0.009749912
'buff','death',1998,9200,0.00968151
'buff','death',1999,9211,0.009693086
'buff','death',2000,9275,0.009760435
'cayc','death',1987,1238,0.00573111
'cayc','death',1988,1228,0.005684817
'cayc','death',1989,1251,0.005791291
'cayc','death',1990,1264,0.005851473
'cayc','death',1991,1280,0.005925542
'cayc','death',1992,1277,0.005911654
'cayc','death',1993,1314,0.006082939
'cayc','death',1994,1327,0.00614312
'cayc','death',1995,1450,0.006712528
'cayc','death',1996,1427,0.006606053
'cayc','death',1997,1454,0.006731045
'cayc','death',1998,1525,0.007059728
'cayc','death',1999,1530,0.007082874
'cayc','death',2000,1604,0.007425445
'cdrp','death',1987,1917,0.009999948
'cdrp','death',1988,1971,0.010281637
'cdrp','death',1989,1942,0.010130359
'cdrp','death',1990,1987,0.0103651
'cdrp','death',1991,1976,0.010307719
'cdrp','death',1992,2023,0.010552892
'cdrp','death',1993,2023,0.010552892
'cdrp','death',1994,2016,0.010516377
'cdrp','death',1995,2022,0.010547676
'cdrp','death',1996,2044,0.010662438
'cdrp','death',1997,2043,0.010657221
'cdrp','death',1998,2050,0.010693737
'cdrp','death',1999,2083,0.01086588
'cdrp','death',2000,2086,0.010881529
'char','death',1987,3150,0.004529415
'char','death',1988,3268,0.004699089
'char','death',1989,3209,0.004614252
'char','death',1990,3284,0.004722095
'char','death',1991,3458,0.004972291
'char','death',1992,3551,0.005106017
'char','death',1993,3635,0.005226801
'char','death',1994,3745,0.005384972
'char','death',1995,3811,0.005479874
'char','death',1996,3910,0.005622227
'char','death',1997,3790,0.005449677
'char','death',1998,3882,0.005581965
'char','death',1999,3978,0.005720004
'char','death',2000,4143,0.00595726
'chic','death',1987,42583,0.007919853
'chic','death',1988,43469,0.008084637
'chic','death',1989,42981,0.007993876
'chic','death',1990,42313,0.007869637
'chic','death',1991,42640,0.007930455
'chic','death',1992,41714,0.007758231
'chic','death',1993,43449,0.008080917
'chic','death',1994,42937,0.007985692
'chic','death',1995,43806,0.008147315
'chic','death',1996,41784,0.00777125
'chic','death',1997,40340,0.007502686
'chic','death',1998,40101,0.007458235
'chic','death',1999,41776,0.007769762
'chic','death',2000,40359,0.00750622
'cinc','death',1987,7378,0.008697364
'cinc','death',1988,7679,0.00905219
'cinc','death',1989,7423,0.008750411
'cinc','death',1990,7400,0.008723298
'cinc','death',1991,7291,0.008594806
'cinc','death',1992,7414,0.008739802
'cinc','death',1993,7625,0.008988534
'cinc','death',1994,7582,0.008937844
'cinc','death',1995,7763,0.009151211
'cinc','death',1996,7636,0.009001501
'cinc','death',1997,7575,0.008929592
'cinc','death',1998,7370,0.008687933
'cinc','death',1999,7620,0.008982639
'cinc','death',2000,7578,0.008933129
'clev','death',1987,13714,0.009838032
'clev','death',1988,13905,0.00997505
'clev','death',1989,13674,0.009809337
'clev','death',1990,13622,0.009772034
'clev','death',1991,13480,0.009670167
'clev','death',1992,13266,0.009516649
'clev','death',1993,13809,0.009906182
'clev','death',1994,13850,0.009935594
'clev','death',1995,14015,0.010053961
'clev','death',1996,13575,0.009738317
'clev','death',1997,13694,0.009823684
'clev','death',1998,13413,0.009622103
'clev','death',1999,13554,0.009723252
'clev','death',2000,13767,0.009876053
'clmg','death',1987,1934,0.010381607
'clmg','death',1988,1924,0.010327928
'clmg','death',1989,1912,0.010263512
'clmg','death',1990,1996,0.01071442
'clmg','death',1991,1983,0.010644637
'clmg','death',1992,1982,0.010639269
'clmg','death',1993,1977,0.010612429
'clmg','death',1994,2021,0.010848619
'clmg','death',1995,2010,0.010789571
'clmg','death',1996,2056,0.011036497
'clmg','death',1997,2071,0.011117016
'clmg','death',1998,2051,0.011009657
'clmg','death',1999,2099,0.011267318
'clmg','death',2000,2098,0.01126195
'clmo','death',1987,6416,0.006001994
'clmo','death',1988,6361,0.005950543
'clmo','death',1989,6348,0.005938382
'clmo','death',1990,6374,0.005962705
'clmo','death',1991,6547,0.006124541
'clmo','death',1992,6576,0.00615167
'clmo','death',1993,6514,0.006093671
'clmo','death',1994,6989,0.00653802
'clmo','death',1995,7122,0.006662438
'clmo','death',1996,7252,0.00678405
'clmo','death',1997,7039,0.006584794
'clmo','death',1998,7224,0.006757857
'clmo','death',1999,7398,0.006920629
'clmo','death',2000,7322,0.006849533
'colo','death',1987,2191,0.004238493
'colo','death',1988,2176,0.004209476
'colo','death',1989,2266,0.004383581
'colo','death',1990,2198,0.004252035
'colo','death',1991,2328,0.00450352
'colo','death',1992,2306,0.004460961
'colo','death',1993,2350,0.004546079
'colo','death',1994,2374,0.004592507
'colo','death',1995,2474,0.004785957
'colo','death',1996,2604,0.005037442
'colo','death',1997,2623,0.005074198
'colo','death',1998,2674,0.005172857
'colo','death',1999,2765,0.005348897
'colo','death',2000,2830,0.00547464
'corp','death',1987,1936,0.006172584
'corp','death',1988,1984,0.006325623
'corp','death',1989,2007,0.006398954
'corp','death',1990,2048,0.006529675
'corp','death',1991,1969,0.006277798
'corp','death',1992,2004,0.006389389
'corp','death',1993,2164,0.00689952
'corp','death',1994,2141,0.006826189
'corp','death',1995,2187,0.006972851
'corp','death',1996,2287,0.007291683
'corp','death',1997,2323,0.007406463
'corp','death',1998,2203,0.007023865
'corp','death',1999,2338,0.007454287
'corp','death',2000,2413,0.007693411
'covt','death',1987,2364,0.014148064
'covt','death',1988,2371,0.014189958
'covt','death',1989,2472,0.014794422
'covt','death',1990,2340,0.014004429
'covt','death',1991,2340,0.014004429
'covt','death',1992,2385,0.014273745
'covt','death',1993,2349,0.014058292
'covt','death',1994,2447,0.014644802
'covt','death',1995,2453,0.014680711
'covt','death',1996,2476,0.014818361
'covt','death',1997,2474,0.014806392
'covt','death',1998,2506,0.014997905
'covt','death',1999,2514,0.015045784
'covt','death',2000,2593,0.015518583
'dayt','death',1987,4556,0.008149364
'dayt','death',1988,4631,0.008283518
'dayt','death',1989,4378,0.007830974
'dayt','death',1990,4421,0.007907889
'dayt','death',1991,4609,0.008244166
'dayt','death',1992,4541,0.008122534
'dayt','death',1993,4862,0.00869671
'dayt','death',1994,4712,0.008428403
'dayt','death',1995,4825,0.008630528
'dayt','death',1996,4892,0.008750371
'dayt','death',1997,4892,0.008750371
'dayt','death',1998,4926,0.008811187
'dayt','death',1999,4984,0.008914933
'dayt','death',2000,4961,0.008873792
'dc','death',1987,6336,0.011075781
'dc','death',1988,6372,0.011138711
'dc','death',1989,6319,0.011046063
'dc','death',1990,6049,0.010574084
'dc','death',1991,5911,0.01033285
'dc','death',1992,5938,0.010380048
'dc','death',1993,5924,0.010355575
'dc','death',1994,6032,0.010544367
'dc','death',1995,5777,0.010098609
'dc','death',1996,5488,0.009593416
'dc','death',1997,5086,0.008890691
'dc','death',1998,4899,0.008563802
'dc','death',1999,5145,0.008993828
'dc','death',2000,4954,0.008659946
'denv','death',1987,6217,0.004420318
'denv','death',1988,6285,0.004468666
'denv','death',1989,6366,0.004526257
'denv','death',1990,6530,0.004642862
'denv','death',1991,6885,0.004895269
'denv','death',1992,6740,0.004792173
'denv','death',1993,7188,0.005110703
'denv','death',1994,7351,0.005226597
'denv','death',1995,7366,0.005237262
'denv','death',1996,7479,0.005317606
'denv','death',1997,7473,0.00531334
'denv','death',1998,7883,0.005604852
'denv','death',1999,7811,0.00555366
'denv','death',2000,7711,0.005482559
'desm','death',1987,2735,0.007301102
'desm','death',1988,2726,0.007277076
'desm','death',1989,2781,0.007423899
'desm','death',1990,2733,0.007295763
'desm','death',1991,2754,0.007351822
'desm','death',1992,2772,0.007399873
'desm','death',1993,2820,0.00752801
'desm','death',1994,2817,0.007520001
'desm','death',1995,2911,0.007770935
'desm','death',1996,2876,0.007677502
'desm','death',1997,2960,0.007901741
'desm','death',1998,2995,0.007995174
'desm','death',1999,2934,0.007832334
'desm','death',2000,3045,0.008128649
'det','death',1987,18043,0.0087538
'det','death',1988,18315,0.008885764
'det','death',1989,17742,0.008607766
'det','death',1990,17349,0.008417097
'det','death',1991,17207,0.008348204
'det','death',1992,16898,0.008198288
'det','death',1993,17517,0.008498604
'det','death',1994,17506,0.008493267
'det','death',1995,17453,0.008467554
'det','death',1996,16833,0.008166753
'det','death',1997,16471,0.007991123
'det','death',1998,16401,0.007957162
'det','death',1999,16330,0.007922715
'det','death',2000,16178,0.007848971
'dlft','death',1987,17613,0.004193698
'dlft','death',1988,17832,0.004245843
'dlft','death',1989,18476,0.004399181
'dlft','death',1990,18564,0.004420134
'dlft','death',1991,18691,0.004450373
'dlft','death',1992,19106,0.004549185
'dlft','death',1993,20246,0.004820622
'dlft','death',1994,20251,0.004821812
'dlft','death',1995,20539,0.004890386
'dlft','death',1996,20825,0.004958483
'dlft','death',1997,21034,0.005008247
'dlft','death',1998,21179,0.005042772
'dlft','death',1999,21946,0.005225396
'dlft','death',2000,22589,0.005378496
'elpa','death',1987,2819,0.004147894
'elpa','death',1988,2812,0.004137594
'elpa','death',1989,3036,0.004467189
'elpa','death',1990,2961,0.004356834
'elpa','death',1991,3117,0.004586373
'elpa','death',1992,3135,0.004612858
'elpa','death',1993,3306,0.004864469
'elpa','death',1994,3343,0.004918911
'elpa','death',1995,3343,0.004918911
'elpa','death',1996,3467,0.005101365
'elpa','death',1997,3494,0.005141093
'elpa','death',1998,3604,0.005302948
'elpa','death',1999,3724,0.005479517
'elpa','death',2000,3712,0.00546186
'evan','death',1987,2117,0.012313724
'evan','death',1988,2209,0.01284885
'evan','death',1989,2174,0.012645269
'evan','death',1990,2176,0.012656903
'evan','death',1991,2139,0.012441689
'evan','death',1992,2213,0.012872116
'evan','death',1993,2229,0.012965182
'evan','death',1994,2248,0.013075697
'evan','death',1995,2206,0.0128314
'evan','death',1996,2308,0.013424693
'evan','death',1997,2262,0.013157129
'evan','death',1998,2289,0.013314177
'evan','death',1999,2271,0.013209479
'evan','death',2000,2246,0.013064064
'fres','death',1987,4110,0.005141311
'fres','death',1988,4141,0.00518009
'fres','death',1989,4245,0.005310186
'fres','death',1990,4272,0.005343961
'fres','death',1991,4422,0.0055316
'fres','death',1992,4404,0.005509084
'fres','death',1993,4495,0.005622918
'fres','death',1994,4729,0.005915635
'fres','death',1995,4648,0.00581431
'fres','death',1996,4693,0.005870602
'fres','death',1997,4631,0.005793044
'fres','death',1998,4824,0.006034473
'fres','death',1999,4955,0.006198345
'fres','death',2000,4914,0.006147057
'ftwa','death',1987,2479,0.007470265
'ftwa','death',1988,2536,0.00764203
'ftwa','death',1989,2518,0.007587788
'ftwa','death',1990,2553,0.007693258
'ftwa','death',1991,2516,0.007581762
'ftwa','death',1992,2577,0.00776558
'ftwa','death',1993,2590,0.007804755
'ftwa','death',1994,2537,0.007645043
'ftwa','death',1995,2505,0.007548614
'ftwa','death',1996,2576,0.007762567
'ftwa','death',1997,2634,0.007937345
'ftwa','death',1998,2630,0.007925291
'ftwa','death',1999,2732,0.00823266
'ftwa','death',2000,2695,0.008121164
'gdrp','death',1987,3586,0.006243743
'gdrp','death',1988,3462,0.006027841
'gdrp','death',1989,3453,0.006012171
'gdrp','death',1990,3446,0.005999983
'gdrp','death',1991,3567,0.006210661
'gdrp','death',1992,3370,0.005867656
'gdrp','death',1993,3592,0.00625419
'gdrp','death',1994,3666,0.006383034
'gdrp','death',1995,3650,0.006355176
'gdrp','death',1996,3840,0.006685993
'gdrp','death',1997,3745,0.006520585
'gdrp','death',1998,3799,0.006614606
'gdrp','death',1999,3875,0.006746933
'gdrp','death',2000,3871,0.006739969
'grnb','death',1987,2562,0.006084817
'grnb','death',1988,2603,0.006182193
'grnb','death',1989,2595,0.006163193
'grnb','death',1990,2650,0.006293819
'grnb','death',1991,2705,0.006424446
'grnb','death',1992,2778,0.006597823
'grnb','death',1993,2830,0.006721324
'grnb','death',1994,2811,0.006676198
'grnb','death',1995,2908,0.006906576
'grnb','death',1996,3006,0.007139329
'grnb','death',1997,2940,0.006982577
'grnb','death',1998,2904,0.006897076
'grnb','death',1999,3064,0.00727708
'grnb','death',2000,3176,0.007543083
'hono','death',1987,4311,0.004920357
'hono','death',1988,4137,0.004721762
'hono','death',1989,4426,0.005051612
'hono','death',1990,4576,0.005222814
'hono','death',1991,4634,0.005289012
'hono','death',1992,4669,0.00532896
'hono','death',1993,4962,0.005663375
'hono','death',1994,4879,0.005568643
'hono','death',1995,5137,0.005863111
'hono','death',1996,5256,0.005998932
'hono','death',1997,5170,0.005900776
'hono','death',1998,5331,0.006084533
'hono','death',1999,5520,0.006300248
'hono','death',2000,5512,0.006291117
'hous','death',1987,13614,0.004003437
'hous','death',1988,14380,0.004228693
'hous','death',1989,14609,0.004296034
'hous','death',1990,14869,0.004372492
'hous','death',1991,15175,0.004462477
'hous','death',1992,15159,0.004457772
'hous','death',1993,15760,0.004634506
'hous','death',1994,16179,0.004757721
'hous','death',1995,16262,0.004782128
'hous','death',1996,16222,0.004770366
'hous','death',1997,16510,0.004855057
'hous','death',1998,16455,0.004838883
'hous','death',1999,16726,0.004918576
'hous','death',2000,17117,0.005033556
'hunt','death',1987,1579,0.005706541
'hunt','death',1988,1624,0.005869172
'hunt','death',1989,1727,0.006241417
'hunt','death',1990,1624,0.005869172
'hunt','death',1991,1734,0.006266715
'hunt','death',1992,1733,0.006263101
'hunt','death',1993,1787,0.006458258
'hunt','death',1994,1818,0.006570293
'hunt','death',1995,1842,0.006657029
'hunt','death',1996,1861,0.006725696
'hunt','death',1997,1893,0.006841344
'hunt','death',1998,2010,0.007264185
'hunt','death',1999,1972,0.007126852
'hunt','death',2000,2132,0.007705096
'indi','death',1987,6147,0.007143903
'indi','death',1988,6296,0.007317068
'indi','death',1989,6346,0.007375176
'indi','death',1990,6300,0.007321716
'indi','death',1991,6381,0.007415853
'indi','death',1992,6340,0.007368203
'indi','death',1993,6617,0.007690126
'indi','death',1994,6704,0.007791236
'indi','death',1995,6820,0.007926048
'indi','death',1996,6747,0.007841209
'indi','death',1997,6629,0.007704073
'indi','death',1998,6684,0.007767992
'indi','death',1999,7023,0.00816197
'indi','death',2000,6777,0.007876075
'jcks','death',1987,2292,0.009138756
'jcks','death',1988,2342,0.009338118
'jcks','death',1989,2374,0.00946571
'jcks','death',1990,2297,0.009158692
'jcks','death',1991,2324,0.009266348
'jcks','death',1992,2310,0.009210526
'jcks','death',1993,2402,0.009577352
'jcks','death',1994,2406,0.009593301
'jcks','death',1995,2378,0.009481659
'jcks','death',1996,2457,0.009796651
'jcks','death',1997,2427,0.009677033
'jcks','death',1998,2457,0.009796651
'jcks','death',1999,2393,0.009541467
'jcks','death',2000,2352,0.00937799
'jckv','death',1987,4892,0.006280822
'jckv','death',1988,4902,0.006293661
'jckv','death',1989,4821,0.006189665
'jckv','death',1990,4823,0.006192233
'jckv','death',1991,5057,0.006492664
'jckv','death',1992,4929,0.006328326
'jckv','death',1993,5209,0.006687817
'jckv','death',1994,5454,0.007002371
'jckv','death',1995,5536,0.007107651
'jckv','death',1996,5466,0.007017778
'jckv','death',1997,5443,0.006988248
'jckv','death',1998,5671,0.007280977
'jckv','death',1999,5839,0.007496671
'jckv','death',2000,5831,0.0074864
'jers','death',1987,4666,0.007662055
'jers','death',1988,4746,0.007793423
'jers','death',1989,4355,0.007151361
'jers','death',1990,4323,0.007098814
'jers','death',1991,4251,0.006980582
'jers','death',1992,4267,0.007006856
'jers','death',1993,4380,0.007192413
'jers','death',1994,4073,0.006688288
'jers','death',1995,4194,0.006886982
'jers','death',1996,4074,0.00668993
'jers','death',1997,3820,0.006272836
'jers','death',1998,3903,0.00640913
'jers','death',1999,3946,0.006479741
'jers','death',2000,3971,0.006520793
'john','death',1987,1879,0.012313399
'john','death',1988,1738,0.011389402
'john','death',1989,1715,0.011238679
'john','death',1990,1768,0.011585997
'john','death',1991,1892,0.01239859
'john','death',1992,1851,0.01212991
'john','death',1993,1819,0.011920209
'john','death',1994,1867,0.012234761
'john','death',1995,1898,0.012437909
'john','death',1996,1880,0.012319952
'john','death',1997,1876,0.012293739
'john','death',1998,1877,0.012300292
'john','death',1999,1932,0.012660716
'john','death',2000,1973,0.012929396
'kan','death',1987,6496,0.007117601
'kan','death',1988,6581,0.007210735
'kan','death',1989,6616,0.007249084
'kan','death',1990,6546,0.007172386
'kan','death',1991,6675,0.00731373
'kan','death',1992,6740,0.00738495
'kan','death',1993,7105,0.007784877
'kan','death',1994,6910,0.007571217
'kan','death',1995,7155,0.007839661
'kan','death',1996,7022,0.007693934
'kan','death',1997,6961,0.007627097
'kan','death',1998,7067,0.00774324
'kan','death',1999,7004,0.007674212
'kan','death',2000,6998,0.007667638
'kans','death',1987,1577,0.009988472
'kans','death',1988,1643,0.010406506
'kans','death',1989,1578,0.009994806
'kans','death',1990,1599,0.010127817
'kans','death',1991,1546,0.009792123
'kans','death',1992,1533,0.009709783
'kans','death',1993,1581,0.010013808
'kans','death',1994,1550,0.009817459
'kans','death',1995,1644,0.01041284
'kans','death',1996,1645,0.010419174
'kans','death',1997,1592,0.01008348
'kans','death',1998,1496,0.009475431
'kans','death',1999,1582,0.010020142
'kans','death',2000,1566,0.0099188
'king','death',1987,1914,0.010767993
'king','death',1988,1925,0.010829878
'king','death',1989,1921,0.010807374
'king','death',1990,1921,0.010807374
'king','death',1991,1917,0.010784871
'king','death',1992,1909,0.010739864
'king','death',1993,1946,0.010948022
'king','death',1994,1988,0.01118431
'king','death',1995,2044,0.011499361
'king','death',1996,1959,0.011021159
'king','death',1997,1965,0.011054915
'king','death',1998,1987,0.011178685
'king','death',1999,1975,0.011111174
'king','death',2000,1938,0.010903015
'knox','death',1987,2724,0.007130293
'knox','death',1988,2917,0.007635486
'knox','death',1989,2713,0.007101499
'knox','death',1990,2891,0.007567429
'knox','death',1991,2767,0.007242849
'knox','death',1992,2794,0.007313523
'knox','death',1993,2885,0.007551723
'knox','death',1994,2894,0.007575282
'knox','death',1995,2869,0.007509842
'knox','death',1996,2978,0.007795159
'knox','death',1997,3089,0.00808571
'knox','death',1998,3081,0.008064769
'knox','death',1999,3106,0.008130209
'knox','death',2000,3179,0.008321292
'la','death',1987,56480,0.005933186
'la','death',1988,56999,0.005987706
'la','death',1989,56956,0.005983189
'la','death',1990,54782,0.005754812
'la','death',1991,53880,0.005660057
'la','death',1992,54062,0.005679176
'la','death',1993,54629,0.005738739
'la','death',1994,55095,0.005787692
'la','death',1995,53748,0.005646191
'la','death',1996,52903,0.005557424
'la','death',1997,53636,0.005634425
'la','death',1998,52854,0.005552277
'la','death',1999,53788,0.005650393
'la','death',2000,53250,0.005593876
'lafy','death',1987,1313,0.00689228
'lafy','death',1988,1355,0.007112749
'lafy','death',1989,1331,0.006986767
'lafy','death',1990,1382,0.007254479
'lafy','death',1991,1411,0.007406708
'lafy','death',1992,1394,0.00731747
'lafy','death',1993,1442,0.007569435
'lafy','death',1994,1388,0.007285974
'lafy','death',1995,1410,0.007401458
'lafy','death',1996,1453,0.007627176
'lafy','death',1997,1484,0.007789904
'lafy','death',1998,1504,0.007894889
'lafy','death',1999,1609,0.008446061
'lafy','death',2000,1574,0.008262337
'lasv','death',1987,4036,0.002933641
'lasv','death',1988,4476,0.003253463
'lasv','death',1989,4571,0.003322515
'lasv','death',1990,4960,0.003605267
'lasv','death',1991,5322,0.003868393
'lasv','death',1992,5716,0.004154779
'lasv','death',1993,6233,0.00453057
'lasv','death',1994,6781,0.004928894
'lasv','death',1995,7196,0.005230544
'lasv','death',1996,7495,0.005447878
'lasv','death',1997,7648,0.005559089
'lasv','death',1998,8481,0.00616457
'lasv','death',1999,8931,0.006491661
'lasv','death',2000,9067,0.006590515
'lex','death',1987,1698,0.006517934
'lex','death',1988,1763,0.006767443
'lex','death',1989,1674,0.006425808
'lex','death',1990,1689,0.006483387
'lex','death',1991,1788,0.006863407
'lex','death',1992,1820,0.006986242
'lex','death',1993,1910,0.007331716
'lex','death',1994,1845,0.007082207
'lex','death',1995,1911,0.007335555
'lex','death',1996,1914,0.00734707
'lex','death',1997,1953,0.007496776
'lex','death',1998,1938,0.007439197
'lex','death',1999,1960,0.007523646
'lex','death',2000,2039,0.007826895
'linc','death',1987,1610,0.006432513
'linc','death',1988,1695,0.006772117
'linc','death',1989,1661,0.006636275
'linc','death',1990,1678,0.006704196
'linc','death',1991,1704,0.006808075
'linc','death',1992,1683,0.006724173
'linc','death',1993,1674,0.006688215
'linc','death',1994,1750,0.006991861
'linc','death',1995,1746,0.00697588
'linc','death',1996,1833,0.007323475
'linc','death',1997,1722,0.006879992
'linc','death',1998,1727,0.006899968
'linc','death',1999,1838,0.007343452
'linc','death',2000,1808,0.007223592
'lkch','death',1987,2288,0.012463435
'lkch','death',1988,2211,0.012043992
'lkch','death',1989,2239,0.012196517
'lkch','death',1990,2222,0.012103913
'lkch','death',1991,2213,0.012054887
'lkch','death',1992,2223,0.01210936
'lkch','death',1993,2324,0.012659538
'lkch','death',1994,2281,0.012425304
'lkch','death',1995,2286,0.01245254
'lkch','death',1996,2385,0.012991824
'lkch','death',1997,2339,0.012741248
'lkch','death',1998,2386,0.012997271
'lkch','death',1999,2311,0.012588723
'lkch','death',2000,2407,0.013111664
'loui','death',1987,5992,0.008638935
'loui','death',1988,6190,0.008924401
'loui','death',1989,6083,0.008770134
'loui','death',1990,5994,0.008641819
'loui','death',1991,6121,0.00882492
'loui','death',1992,6066,0.008745624
'loui','death',1993,6248,0.009008022
'loui','death',1994,6423,0.009260327
'loui','death',1995,6334,0.009132012
'loui','death',1996,6422,0.009258885
'loui','death',1997,6386,0.009206983
'loui','death',1998,6400,0.009227167
'loui','death',1999,6537,0.009424686
'loui','death',2000,6537,0.009424686
'ltrk','death',1987,2747,0.00759944
'ltrk','death',1988,2726,0.007541345
'ltrk','death',1989,2777,0.007682434
'ltrk','death',1990,2900,0.008022707
'ltrk','death',1991,2851,0.007887151
'ltrk','death',1992,2792,0.00772393
'ltrk','death',1993,2954,0.008172095
'ltrk','death',1994,2919,0.00807527
'ltrk','death',1995,3031,0.008385112
'ltrk','death',1996,2923,0.008086335
'ltrk','death',1997,2959,0.008185928
'ltrk','death',1998,3070,0.008493004
'ltrk','death',1999,2958,0.008183161
'ltrk','death',2000,3035,0.008396178
'lubb','death',1987,1619,0.006672767
'lubb','death',1988,1658,0.006833506
'lubb','death',1989,1662,0.006849993
'lubb','death',1990,1678,0.006915937
'lubb','death',1991,1701,0.007010732
'lubb','death',1992,1744,0.007187959
'lubb','death',1993,1816,0.007484709
'lubb','death',1994,1830,0.007542411
'lubb','death',1995,1809,0.007455858
'lubb','death',1996,1823,0.00751356
'lubb','death',1997,1925,0.007933957
'lubb','death',1998,1882,0.00775673
'lubb','death',1999,2029,0.008362596
'lubb','death',2000,2008,0.008276044
'madi','death',1987,1909,0.004475694
'madi','death',1988,1918,0.004496795
'madi','death',1989,1926,0.004515551
'madi','death',1990,1835,0.0043022
'madi','death',1991,1989,0.004663256
'madi','death',1992,1927,0.004517896
'madi','death',1993,2107,0.00493991
'madi','death',1994,2128,0.004989145
'madi','death',1995,2167,0.005080581
'madi','death',1996,2203,0.005164984
'madi','death',1997,2171,0.005089959
'madi','death',1998,2269,0.005319723
'madi','death',1999,2305,0.005404125
'madi','death',2000,2244,0.00526111
'memp','death',1987,6489,0.007230309
'memp','death',1988,6453,0.007190196
'memp','death',1989,6521,0.007265965
'memp','death',1990,6678,0.007440901
'memp','death',1991,6550,0.007298278
'memp','death',1992,6554,0.007302735
'memp','death',1993,6793,0.007569038
'memp','death',1994,7095,0.007905539
'memp','death',1995,7202,0.008024763
'memp','death',1996,7217,0.008041477
'memp','death',1997,7059,0.007865426
'memp','death',1998,7128,0.007942309
'memp','death',1999,7158,0.007975736
'memp','death',2000,7456,0.00830778
'miam','death',1987,15660,0.006949616
'miam','death',1988,16097,0.007143548
'miam','death',1989,16481,0.00731396
'miam','death',1990,16197,0.007187926
'miam','death',1991,15919,0.007064555
'miam','death',1992,16425,0.007289108
'miam','death',1993,16896,0.007498129
'miam','death',1994,16515,0.007329049
'miam','death',1995,17280,0.007668541
'miam','death',1996,16649,0.007388515
'miam','death',1997,16436,0.00729399
'miam','death',1998,16731,0.007424906
'miam','death',1999,17368,0.007707594
'miam','death',2000,16704,0.007412923
'milw','death',1987,8555,0.009099476
'milw','death',1988,8576,0.009121813
'milw','death',1989,8433,0.008969712
'milw','death',1990,8410,0.008945248
'milw','death',1991,8396,0.008930357
'milw','death',1992,8079,0.008593182
'milw','death',1993,8347,0.008878238
'milw','death',1994,8223,0.008746346
'milw','death',1995,8320,0.00884952
'milw','death',1996,8199,0.008720819
'milw','death',1997,7942,0.008447462
'milw','death',1998,7826,0.00832408
'milw','death',1999,8060,0.008572972
'milw','death',2000,8090,0.008604882
'minn','death',1987,10466,0.006431769
'minn','death',1988,10468,0.006432998
'minn','death',1989,10183,0.006257855
'minn','death',1990,10241,0.006293498
'minn','death',1991,10368,0.006371544
'minn','death',1992,10410,0.006397355
'minn','death',1993,10883,0.006688032
'minn','death',1994,10822,0.006650545
'minn','death',1995,10983,0.006749486
'minn','death',1996,10958,0.006734123
'minn','death',1997,10769,0.006617975
'minn','death',1998,10785,0.006627807
'minn','death',1999,10936,0.006720603
'minn','death',2000,10706,0.006579259
'mobi','death',1987,3093,0.007735536
'mobi','death',1988,3087,0.00772053
'mobi','death',1989,3035,0.007590479
'mobi','death',1990,3129,0.007825572
'mobi','death',1991,3214,0.008038155
'mobi','death',1992,3046,0.00761799
'mobi','death',1993,3240,0.00810318
'mobi','death',1994,3269,0.008175709
'mobi','death',1995,3348,0.008373287
'mobi','death',1996,3481,0.008705917
'mobi','death',1997,3490,0.008728426
'mobi','death',1998,3600,0.009003534
'mobi','death',1999,3514,0.008788449
'mobi','death',2000,3678,0.00919861
'mode','death',1987,2456,0.005494444
'mode','death',1988,2506,0.005606302
'mode','death',1989,2530,0.005659993
'mode','death',1990,2473,0.005532476
'mode','death',1991,2545,0.005693551
'mode','death',1992,2599,0.005814357
'mode','death',1993,2603,0.005823305
'mode','death',1994,2789,0.006239415
'mode','death',1995,2838,0.006349036
'mode','death',1996,2797,0.006257313
'mode','death',1997,2955,0.006610783
'mode','death',1998,3048,0.006818838
'mode','death',1999,3045,0.006812126
'mode','death',2000,3095,0.006923984
'musk','death',1987,1629,0.009571093
'musk','death',1988,1565,0.009195065
'musk','death',1989,1598,0.009388954
'musk','death',1990,1624,0.009541716
'musk','death',1991,1532,0.009001175
'musk','death',1992,1590,0.009341951
'musk','death',1993,1692,0.009941246
'musk','death',1994,1687,0.009911868
'musk','death',1995,1601,0.00940658
'musk','death',1996,1613,0.009477086
'musk','death',1997,1658,0.009741481
'musk','death',1998,1671,0.009817861
'musk','death',1999,1723,0.010123384
'musk','death',2000,1750,0.010282021
'nash','death',1987,3932,0.006899565
'nash','death',1988,4093,0.007182075
'nash','death',1989,4033,0.007076792
'nash','death',1990,4101,0.007196113
'nash','death',1991,4144,0.007271566
'nash','death',1992,4110,0.007211905
'nash','death',1993,4328,0.007594435
'nash','death',1994,4385,0.007694454
'nash','death',1995,4382,0.00768919
'nash','death',1996,4378,0.007682171
'nash','death',1997,4471,0.00784536
'nash','death',1998,4239,0.007438265
'nash','death',1999,4383,0.007690944
'nash','death',2000,4376,0.007678661
'new','death',1987,1351,0.007499306
'new','death',1988,1347,0.007477102
'new','death',1989,1359,0.007543714
'new','death',1990,1373,0.007621427
'new','death',1991,1380,0.007660283
'new','death',1992,1368,0.007593672
'new','death',1993,1385,0.007688038
'new','death',1994,1428,0.007926728
'new','death',1995,1517,0.00842076
'new','death',1996,1444,0.008015543
'new','death',1997,1436,0.007971135
'new','death',1998,1468,0.008148765
'new','death',1999,1523,0.008454066
'new','death',2000,1499,0.008320844
'no','death',1987,4657,0.00960852
'no','death',1988,4749,0.009798339
'no','death',1989,4768,0.00983754
'no','death',1990,4558,0.009404259
'no','death',1991,4646,0.009585825
'no','death',1992,4414,0.009107152
'no','death',1993,4604,0.009499169
'no','death',1994,4435,0.009150481
'no','death',1995,4497,0.009278402
'no','death',1996,4268,0.008805919
'no','death',1997,4124,0.008508812
'no','death',1998,4205,0.008675935
'no','death',1999,4169,0.008601658
'no','death',2000,4121,0.008502622
'nor','death',1987,2231,0.009517796
'nor','death',1988,2288,0.009760967
'nor','death',1989,2175,0.009278891
'nor','death',1990,2219,0.009466602
'nor','death',1991,2154,0.009189302
'nor','death',1992,2251,0.009603119
'nor','death',1993,2263,0.009654313
'nor','death',1994,2148,0.009163705
'nor','death',1995,2265,0.009662846
'nor','death',1996,2232,0.009522062
'nor','death',1997,2208,0.009419675
'nor','death',1998,2163,0.009227698
'nor','death',1999,2144,0.009146641
'nor','death',2000,2209,0.009423941
'nwk','death',1987,7298,0.009195686
'nwk','death',1988,7346,0.009256168
'nwk','death',1989,7214,0.009089844
'nwk','death',1990,6908,0.008704275
'nwk','death',1991,6934,0.008737036
'nwk','death',1992,6738,0.00849007
'nwk','death',1993,6967,0.008778617
'nwk','death',1994,6826,0.008600953
'nwk','death',1995,6961,0.008771057
'nwk','death',1996,6646,0.008374148
'nwk','death',1997,6313,0.007954558
'nwk','death',1998,5983,0.007538749
'nwk','death',1999,6334,0.007981019
'nwk','death',2000,6237,0.007858796
'ny','death',1987,75610,0.008465319
'ny','death',1988,77044,0.00862587
'ny','death',1989,75103,0.008408555
'ny','death',1990,73055,0.00817926
'ny','death',1991,71003,0.007949518
'ny','death',1992,70003,0.007837557
'ny','death',1993,72665,0.008135596
'ny','death',1994,70589,0.007903166
'ny','death',1995,70874,0.007935075
'ny','death',1996,67527,0.007560344
'ny','death',1997,62897,0.007041967
'ny','death',1998,61633,0.006900449
'ny','death',1999,63186,0.007074324
'ny','death',2000,61540,0.006890037
'oakl','death',1987,8169,0.005658217
'oakl','death',1988,8287,0.005739949
'oakl','death',1989,8493,0.005882634
'oakl','death',1990,8182,0.005667221
'oakl','death',1991,8274,0.005730945
'oakl','death',1992,8157,0.005649905
'oakl','death',1993,8444,0.005848694
'oakl','death',1994,8343,0.005778737
'oakl','death',1995,8462,0.005861162
'oakl','death',1996,8325,0.00576627
'oakl','death',1997,8187,0.005670685
'oakl','death',1998,8357,0.005788434
'oakl','death',1999,8431,0.00583969
'oakl','death',2000,8433,0.005841075
'okla','death',1987,4676,0.007080043
'okla','death',1988,4708,0.007128495
'okla','death',1989,4823,0.007302619
'okla','death',1990,4899,0.007417692
'okla','death',1991,4874,0.007379839
'okla','death',1992,5003,0.007575161
'okla','death',1993,5181,0.007844675
'okla','death',1994,5252,0.007952178
'okla','death',1995,5339,0.008083907
'okla','death',1996,5489,0.008311025
'okla','death',1997,5628,0.008521488
'okla','death',1998,5664,0.008575997
'okla','death',1999,5808,0.008794031
'okla','death',2000,5698,0.008627477
'olym','death',1987,1346,0.006491283
'olym','death',1988,1405,0.006775819
'olym','death',1989,1345,0.00648646
'olym','death',1990,1389,0.006698657
'olym','death',1991,1402,0.006761351
'olym','death',1992,1428,0.00688674
'olym','death',1993,1481,0.00714234
'olym','death',1994,1492,0.00719539
'olym','death',1995,1535,0.007402763
'olym','death',1996,1580,0.007619782
'olym','death',1997,1585,0.007643896
'olym','death',1998,1695,0.008174387
'olym','death',1999,1664,0.008024885
'olym','death',2000,1687,0.008135806
'oma','death',1987,3182,0.006863898
'oma','death',1988,3175,0.006848798
'oma','death',1989,3150,0.00679487
'oma','death',1990,3091,0.006667601
'oma','death',1991,3115,0.006719372
'oma','death',1992,3205,0.006913511
'oma','death',1993,3223,0.006952339
'oma','death',1994,3200,0.006902725
'oma','death',1995,3389,0.007310418
'oma','death',1996,3314,0.007148635
'oma','death',1997,3317,0.007155106
'oma','death',1998,3280,0.007075294
'oma','death',1999,3355,0.007237076
'oma','death',2000,3300,0.007118436
'orla','death',1987,3870,0.004317539
'orla','death',1988,3954,0.004411253
'orla','death',1989,4004,0.004467035
'orla','death',1990,3918,0.00437109
'orla','death',1991,4163,0.004644422
'orla','death',1992,4344,0.004846354
'orla','death',1993,4375,0.004880939
'orla','death',1994,4489,0.005008122
'orla','death',1995,4703,0.00524687
'orla','death',1996,4770,0.005321618
'orla','death',1997,4821,0.005378515
'orla','death',1998,4762,0.005312692
'orla','death',1999,5107,0.005697589
'orla','death',2000,5272,0.00588167
'phil','death',1987,17171,0.011314948
'phil','death',1988,16993,0.011197654
'phil','death',1989,16766,0.011048071
'phil','death',1990,15881,0.010464894
'phil','death',1991,15702,0.010346941
'phil','death',1992,15505,0.010217126
'phil','death',1993,15955,0.010513657
'phil','death',1994,15561,0.010254028
'phil','death',1995,15357,0.010119601
'phil','death',1996,14961,0.009858654
'phil','death',1997,14584,0.009610227
'phil','death',1998,14062,0.009266252
'phil','death',1999,14278,0.009408586
'phil','death',2000,14097,0.009289315
'phoe','death',1987,12989,0.004227985
'phoe','death',1988,13426,0.004370231
'phoe','death',1989,13811,0.00449555
'phoe','death',1990,14071,0.004580181
'phoe','death',1991,14432,0.004697689
'phoe','death',1992,15351,0.004996828
'phoe','death',1993,16473,0.005362045
'phoe','death',1994,17036,0.005545304
'phoe','death',1995,17173,0.005589898
'phoe','death',1996,18166,0.005913125
'phoe','death',1997,18105,0.005893269
'phoe','death',1998,18738,0.006099314
'phoe','death',1999,20078,0.00653549
'phoe','death',2000,20263,0.006595709
'pitt','death',1987,14311,0.011165936
'pitt','death',1988,14355,0.011200266
'pitt','death',1989,14077,0.010983361
'pitt','death',1990,14018,0.010937327
'pitt','death',1991,13680,0.010673608
'pitt','death',1992,13734,0.01071574
'pitt','death',1993,14275,0.011137847
'pitt','death',1994,14053,0.010964635
'pitt','death',1995,13996,0.010920162
'pitt','death',1996,14093,0.010995844
'pitt','death',1997,13721,0.010705597
'pitt','death',1998,13572,0.010589342
'pitt','death',1999,14044,0.010957613
'pitt','death',2000,13686,0.010678289
'port','death',1987,6754,0.006761593
'port','death',1988,6730,0.006737566
'port','death',1989,6781,0.006788624
'port','death',1990,6928,0.006935789
'port','death',1991,6741,0.006748579
'port','death',1992,6979,0.006986846
'port','death',1993,7322,0.007330232
'port','death',1994,7237,0.007245136
'port','death',1995,7212,0.007220108
'port','death',1996,7256,0.007264158
'port','death',1997,7143,0.007151031
'port','death',1998,7208,0.007216104
'port','death',1999,7160,0.00716805
'port','death',2000,7461,0.007469388
'prov','death',1987,5569,0.008959109
'prov','death',1988,5622,0.009044372
'prov','death',1989,5515,0.008872237
'prov','death',1990,5446,0.008761233
'prov','death',1991,5442,0.008754798
'prov','death',1992,5452,0.008770886
'prov','death',1993,5570,0.008960718
'prov','death',1994,5396,0.008680796
'prov','death',1995,5447,0.008762842
'prov','death',1996,5529,0.008894759
'prov','death',1997,5495,0.008840062
'prov','death',1998,5345,0.00859875
'prov','death',1999,5525,0.008888324
'prov','death',2000,5637,0.009068504
'ral','death',1987,2302,0.003666504
'ral','death',1988,2369,0.003773218
'ral','death',1989,2298,0.003660133
'ral','death',1990,2432,0.003873561
'ral','death',1991,2377,0.00378596
'ral','death',1992,2521,0.004015316
'ral','death',1993,2643,0.004209631
'ral','death',1994,2680,0.004268563
'ral','death',1995,2751,0.004381648
'ral','death',1996,2781,0.00442943
'ral','death',1997,2828,0.004504289
'ral','death',1998,2994,0.004768685
'ral','death',1999,2905,0.004626931
'ral','death',2000,2988,0.004759129
'rich','death',1987,2181,0.011026847
'rich','death',1988,2211,0.011178523
'rich','death',1989,2078,0.010506092
'rich','death',1990,2057,0.010399919
'rich','death',1991,2080,0.010516204
'rich','death',1992,2046,0.010344305
'rich','death',1993,2082,0.010526316
'rich','death',1994,2071,0.010470701
'rich','death',1995,2006,0.01014207
'rich','death',1996,2012,0.010172405
'rich','death',1997,1944,0.009828606
'rich','death',1998,1868,0.00944436
'rich','death',1999,1786,0.009029779
'rich','death',2000,1818,0.009191567
'rive','death',1987,6152,0.00398088
'rive','death',1988,6883,0.004453901
'rive','death',1989,7011,0.004536728
'rive','death',1990,7331,0.004743796
'rive','death',1991,7543,0.004880978
'rive','death',1992,7822,0.005061515
'rive','death',1993,8269,0.005350763
'rive','death',1994,8655,0.005600539
'rive','death',1995,8954,0.005794018
'rive','death',1996,8903,0.005761016
'rive','death',1997,9133,0.005909847
'rive','death',1998,9536,0.006170623
'rive','death',1999,9847,0.006371867
'rive','death',2000,10014,0.00647993
'roch','death',1987,5485,0.007459104
'roch','death',1988,5436,0.007392469
'roch','death',1989,5571,0.007576056
'roch','death',1990,5325,0.007241519
'roch','death',1991,5584,0.007593735
'roch','death',1992,5546,0.007542059
'roch','death',1993,5912,0.008039786
'roch','death',1994,5799,0.007886116
'roch','death',1995,5958,0.008102341
'roch','death',1996,5872,0.007985389
'roch','death',1997,5860,0.00796907
'roch','death',1998,5919,0.008049305
'roch','death',1999,6090,0.008281849
'roch','death',2000,6208,0.008442319
'sacr','death',1987,6150,0.005026567
'sacr','death',1988,6411,0.00523989
'sacr','death',1989,6402,0.005232534
'sacr','death',1990,6470,0.005288112
'sacr','death',1991,6619,0.005409894
'sacr','death',1992,6565,0.005365758
'sacr','death',1993,6861,0.005607687
'sacr','death',1994,7180,0.005868415
'sacr','death',1995,7317,0.005980389
'sacr','death',1996,7402,0.006049862
'sacr','death',1997,7563,0.006181452
'sacr','death',1998,7680,0.006277079
'sacr','death',1999,7777,0.00635636
'sacr','death',2000,7856,0.006420929
'salt','death',1987,3433,0.003821293
'salt','death',1988,3495,0.003890306
'salt','death',1989,3509,0.003905889
'salt','death',1990,3379,0.003761185
'salt','death',1991,3620,0.004029444
'salt','death',1992,3604,0.004011634
'salt','death',1993,3836,0.004269875
'salt','death',1994,3856,0.004292137
'salt','death',1995,3985,0.004435728
'salt','death',1996,4116,0.004581544
'salt','death',1997,4140,0.004608259
'salt','death',1998,4159,0.004629408
'salt','death',1999,4324,0.004813071
'salt','death',2000,4364,0.004857595
'sana','death',1987,7076,0.005079936
'sana','death',1988,7067,0.005073475
'sana','death',1989,7414,0.00532259
'sana','death',1990,7314,0.005250798
'sana','death',1991,7406,0.005316846
'sana','death',1992,7770,0.005578166
'sana','death',1993,8049,0.005778463
'sana','death',1994,8135,0.005840203
'sana','death',1995,8176,0.005869637
'sana','death',1996,8252,0.005924199
'sana','death',1997,8559,0.006144597
'sana','death',1998,8486,0.00609219
'sana','death',1999,9158,0.006574626
'sana','death',2000,9141,0.006562421
'sanb','death',1987,7046,0.004121832
'sanb','death',1988,7244,0.00423766
'sanb','death',1989,7650,0.004475165
'sanb','death',1990,7573,0.004430121
'sanb','death',1991,7908,0.004626093
'sanb','death',1992,7886,0.004613223
'sanb','death',1993,8179,0.004784625
'sanb','death',1994,8302,0.004856578
'sanb','death',1995,8531,0.004990541
'sanb','death',1996,8471,0.004955441
'sanb','death',1997,8770,0.005130353
'sanb','death',1998,8925,0.005221026
'sanb','death',1999,9160,0.005358499
'sanb','death',2000,9352,0.005470817
'sand','death',1987,14373,0.005107979
'sand','death',1988,14877,0.005287094
'sand','death',1989,15132,0.005377718
'sand','death',1990,15359,0.005458391
'sand','death',1991,15438,0.005486466
'sand','death',1992,15953,0.005669491
'sand','death',1993,16270,0.005782148
'sand','death',1994,16857,0.005990761
'sand','death',1995,16625,0.005908311
'sand','death',1996,16827,0.005980099
'sand','death',1997,17075,0.006068235
'sand','death',1998,17250,0.006130428
'sand','death',1999,17647,0.006271516
'sand','death',2000,18126,0.006441747
'sanf','death',1987,6771,0.008717281
'sanf','death',1988,6866,0.008839588
'sanf','death',1989,7009,0.009023693
'sanf','death',1990,6723,0.008655484
'sanf','death',1991,7027,0.009046867
'sanf','death',1992,6812,0.008770066
'sanf','death',1993,6649,0.008560213
'sanf','death',1994,6619,0.00852159
'sanf','death',1995,6575,0.008464942
'sanf','death',1996,6179,0.007955115
'sanf','death',1997,5702,0.007341004
'sanf','death',1998,5619,0.007234146
'sanf','death',1999,5657,0.007283069
'sanf','death',2000,5475,0.007048754
'sanj','death',1987,7167,0.004259517
'sanj','death',1988,7516,0.004466936
'sanj','death',1989,7348,0.00436709
'sanj','death',1990,7228,0.004295771
'sanj','death',1991,7275,0.004323704
'sanj','death',1992,7322,0.004351638
'sanj','death',1993,7689,0.004569754
'sanj','death',1994,7729,0.004593527
'sanj','death',1995,7693,0.004572132
'sanj','death',1996,7899,0.004694562
'sanj','death',1997,7889,0.004688619
'sanj','death',1998,8041,0.004778956
'sanj','death',1999,8139,0.0048372
'sanj','death',2000,7943,0.004720712
'seat','death',1987,8937,0.005144977
'seat','death',1988,9222,0.00530905
'seat','death',1989,9287,0.00534647
'seat','death',1990,9460,0.005446065
'seat','death',1991,9372,0.005395404
'seat','death',1992,9629,0.005543357
'seat','death',1993,10282,0.005919285
'seat','death',1994,9975,0.005742547
'seat','death',1995,10017,0.005766727
'seat','death',1996,10395,0.005984339
'seat','death',1997,10030,0.005774211
'seat','death',1998,10234,0.005891652
'seat','death',1999,10584,0.006093145
'seat','death',2000,10152,0.005844445
'shr','death',1987,3094,0.00882812
'shr','death',1988,3085,0.00880244
'shr','death',1989,2992,0.008537083
'shr','death',1990,3022,0.008622682
'shr','death',1991,3079,0.00878532
'shr','death',1992,3047,0.008694015
'shr','death',1993,3117,0.008893746
'shr','death',1994,3173,0.009053531
'shr','death',1995,3220,0.009187636
'shr','death',1996,3172,0.009050678
'shr','death',1997,3260,0.009301768
'shr','death',1998,3285,0.009373101
'shr','death',1999,3295,0.009401634
'shr','death',2000,3335,0.009515766
'spok','death',1987,3313,0.007926994
'spok','death',1988,3375,0.008075341
'spok','death',1989,3288,0.007867177
'spok','death',1990,3466,0.008293076
'spok','death',1991,3641,0.008711798
'spok','death',1992,3443,0.008238044
'spok','death',1993,3714,0.008886464
'spok','death',1994,3550,0.008494063
'spok','death',1995,3792,0.009073094
'spok','death',1996,3724,0.008910391
'spok','death',1997,3815,0.009128126
'spok','death',1998,3774,0.009030026
'spok','death',1999,3901,0.009333898
'spok','death',2000,3944,0.009436784
'staa','death',1987,11497,0.004039295
'staa','death',1988,12168,0.00427504
'staa','death',1989,12176,0.004277851
'staa','death',1990,12106,0.004253257
'staa','death',1991,11981,0.004209341
'staa','death',1992,12247,0.004302796
'staa','death',1993,12643,0.004441924
'staa','death',1994,12938,0.004545568
'staa','death',1995,13074,0.004593349
'staa','death',1996,13418,0.004714209
'staa','death',1997,13906,0.00488566
'staa','death',1998,14031,0.004929577
'staa','death',1999,14379,0.005051841
'staa','death',2000,14483,0.00508838
'stlo','death',1987,4548,0.013061872
'stlo','death',1988,4416,0.012682767
'stlo','death',1989,4365,0.012536295
'stlo','death',1990,4217,0.012111238
'stlo','death',1991,4085,0.011732134
'stlo','death',1992,4002,0.011493758
'stlo','death',1993,3958,0.01136739
'stlo','death',1994,3947,0.011335798
'stlo','death',1995,3855,0.011071573
'stlo','death',1996,3698,0.010620669
'stlo','death',1997,3511,0.010083604
'stlo','death',1998,3631,0.010428244
'stlo','death',1999,3552,0.010201356
'stlo','death',2000,3392,0.009741836
'stoc','death',1987,3143,0.00557667
'stoc','death',1988,3259,0.00578249
'stoc','death',1989,3225,0.005722164
'stoc','death',1990,3293,0.005842817
'stoc','death',1991,3344,0.005933307
'stoc','death',1992,3315,0.005881852
'stoc','death',1993,3364,0.005968793
'stoc','death',1994,3487,0.006187034
'stoc','death',1995,3453,0.006126707
'stoc','death',1996,3556,0.006309462
'stoc','death',1997,3575,0.006343174
'stoc','death',1998,3684,0.006536574
'stoc','death',1999,3862,0.006852402
'stoc','death',2000,3782,0.006710457
'stpe','death',1987,11375,0.012344245
'stpe','death',1988,11329,0.012294326
'stpe','death',1989,11028,0.011967678
'stpe','death',1990,11013,0.0119514
'stpe','death',1991,11148,0.012097903
'stpe','death',1992,11112,0.012058836
'stpe','death',1993,11741,0.012741432
'stpe','death',1994,11679,0.012674149
'stpe','death',1995,11355,0.012322541
'stpe','death',1996,11378,0.012347501
'stpe','death',1997,11531,0.012513538
'stpe','death',1998,11515,0.012496175
'stpe','death',1999,11684,0.012679575
'stpe','death',2000,11557,0.012541753
'syra','death',1987,3945,0.008683001
'syra','death',1988,3987,0.008775444
'syra','death',1989,3947,0.008687403
'syra','death',1990,3893,0.008568548
'syra','death',1991,3914,0.00861477
'syra','death',1992,3905,0.008594961
'syra','death',1993,4089,0.008999947
'syra','death',1994,4132,0.009094591
'syra','death',1995,4206,0.009257466
'syra','death',1996,4212,0.009270672
'syra','death',1997,4155,0.009145214
'syra','death',1998,4296,0.009455557
'syra','death',1999,4117,0.009061576
'syra','death',2000,4210,0.00926627
'taco','death',1987,3580,0.005108302
'taco','death',1988,3702,0.005282383
'taco','death',1989,3694,0.005270968
'taco','death',1990,3784,0.005399389
'taco','death',1991,3735,0.005329471
'taco','death',1992,3853,0.005497845
'taco','death',1993,4078,0.005818898
'taco','death',1994,4161,0.005937331
'taco','death',1995,4301,0.006137097
'taco','death',1996,4289,0.006119974
'taco','death',1997,4115,0.005871693
'taco','death',1998,4371,0.00623698
'taco','death',1999,4495,0.006413915
'taco','death',2000,4505,0.006428184
'tamp','death',1987,5953,0.005959269
'tamp','death',1988,6101,0.006107425
'tamp','death',1989,6107,0.006113431
'tamp','death',1990,6304,0.006310639
'tamp','death',1991,6312,0.006318647
'tamp','death',1992,6486,0.00649283
'tamp','death',1993,6671,0.006678025
'tamp','death',1994,7018,0.007025391
'tamp','death',1995,7128,0.007135507
'tamp','death',1996,7105,0.007112482
'tamp','death',1997,7022,0.007029395
'tamp','death',1998,7238,0.007245622
'tamp','death',1999,7375,0.007382767
'tamp','death',2000,7670,0.007678077
'tole','death',1987,4141,0.009100019
'tole','death',1988,4200,0.009229674
'tole','death',1989,3967,0.008717647
'tole','death',1990,4016,0.008825326
'tole','death',1991,4026,0.008847302
'tole','death',1992,4144,0.009106612
'tole','death',1993,4173,0.00917034
'tole','death',1994,4168,0.009159353
'tole','death',1995,4022,0.008838511
'tole','death',1996,3947,0.008673696
'tole','death',1997,3839,0.008436361
'tole','death',1998,3800,0.008350657
'tole','death',1999,3971,0.008726437
'tole','death',2000,3962,0.008706659
'tope','death',1987,1590,0.009360044
'tope','death',1988,1624,0.009560196
'tope','death',1989,1663,0.009789782
'tope','death',1990,1674,0.009854537
'tope','death',1991,1717,0.01010767
'tope','death',1992,1651,0.00971914
'tope','death',1993,1730,0.010184199
'tope','death',1994,1791,0.010543295
'tope','death',1995,1846,0.01086707
'tope','death',1996,1826,0.010749333
'tope','death',1997,1777,0.010460879
'tope','death',1998,1806,0.010631597
'tope','death',1999,1867,0.010990693
'tope','death',2000,1893,0.01114375
'tucs','death',1987,4716,0.00558936
'tucs','death',1988,4747,0.005626101
'tucs','death',1989,4805,0.005694842
'tucs','death',1990,5044,0.005978102
'tucs','death',1991,5213,0.0061784
'tucs','death',1992,5386,0.006383438
'tucs','death',1993,5780,0.006850403
'tucs','death',1994,5972,0.007077959
'tucs','death',1995,5990,0.007099293
'tucs','death',1996,6216,0.007367146
'tucs','death',1997,6277,0.007439443
'tucs','death',1998,6281,0.007444183
'tucs','death',1999,6537,0.007747592
'tucs','death',2000,6498,0.00770137
'tuls','death',1987,3646,0.006472584
'tuls','death',1988,3891,0.006907522
'tuls','death',1989,3857,0.006847163
'tuls','death',1990,3900,0.006923499
'tuls','death',1991,3951,0.007014037
'tuls','death',1992,3864,0.00685959
'tuls','death',1993,4187,0.007432997
'tuls','death',1994,4219,0.007489806
'tuls','death',1995,4292,0.007619399
'tuls','death',1996,4344,0.007711713
'tuls','death',1997,4361,0.007741892
'tuls','death',1998,4464,0.007924743
'tuls','death',1999,4553,0.008082741
'tuls','death',2000,4673,0.008295772
'wich','death',1987,2514,0.005551274
'wich','death',1988,2604,0.005750007
'wich','death',1989,2703,0.005968613
'wich','death',1990,2696,0.005953156
'wich','death',1991,2779,0.006136432
'wich','death',1992,2763,0.006101102
'wich','death',1993,2830,0.006249048
'wich','death',1994,2838,0.006266713
'wich','death',1995,3016,0.006659763
'wich','death',1996,3003,0.006631057
'wich','death',1997,3021,0.006670803
'wich','death',1998,3158,0.006973319
'wich','death',1999,3053,0.006741464
'wich','death',2000,3204,0.007074894
'wor','death',1987,5499,0.007322598
'wor','death',1988,5741,0.007644851
'wor','death',1989,5582,0.007433123
'wor','death',1990,5519,0.00734923
'wor','death',1991,5649,0.007522341
'wor','death',1992,5677,0.007559627
'wor','death',1993,5839,0.00777535
'wor','death',1994,5836,0.007771355
'wor','death',1995,5811,0.007738064
'wor','death',1996,5988,0.007973762
'wor','death',1997,5843,0.007780676
'wor','death',1998,6046,0.008050996
'wor','death',1999,5962,0.007939139
'wor','death',2000,5986,0.007971098
